OFF
2372 4090 0
0.2002092 0.29197 0.1260712 
0.2300354 0.3544118 0.200511 
0.1171921 0.3495861 0.2612635 
0.1005209 0.2860306 0.1872224 
0.2612501 0.4342014 0.2722172 
0.1346776 0.4305238 0.3295551 
0 0.4290152 0.3501928 
1.164153e-10 0.3474188 0.2857296 
1.105946e-09 0.2831461 0.2139551 
0.3713551 0.438781 0.184175 
0.4084544 0.5343661 0.2489317 
0.2901553 0.5300701 0.3424713 
0.4556013 0.4430154 0.06795476 
0.4970526 0.5386305 0.1233962 
0.5318227 0.6530332 0.1692926 
0.4388823 0.6487093 0.3017471 
0.3130911 0.6444269 0.3999193 
0.4580927 0.7824259 0.3328899 
0.3271687 0.7780946 0.4338848 
0.5544839 0.7868441 0.1965352 
0.5635712 0.9306946 0.209963 
0.465575 0.9262284 0.3472148 
0.3325428 0.9218698 0.4490378 
0.4619234 1.069722 0.3522258 
0.3300754 1.065364 0.4528314 
0.5590597 1.074222 0.216968 
0.5427205 1.213074 0.2212067 
0.4481167 1.207985 0.351435 
0.3204142 1.20347 0.4485036 
0.4255168 1.338895 0.3464386 
0.3042776 1.33385 0.4373912 
0.516928 1.345533 0.2244024 
0.484675 1.474389 0.2242802 
0.3966331 1.466042 0.3351615 
0.2828828 1.459955 0.4174393 
0.3639539 1.591345 0.3151101 
0.2577356 1.58387 0.3864356 
0.4484538 1.600568 0.2178801 
0.4081368 1.713012 0.2035018 
0.3287335 1.704322 0.2857862 
0.2309974 1.696419 0.3449303 
0.2925343 1.794653 0.2490209 
0.2049803 1.78831 0.2959675 
0.3642448 1.801255 0.181619 
0.3225118 1.869157 0.1601437 
0.2593841 1.865084 0.2139673 
0.1819435 1.861044 0.2498052 
0.2335718 1.919471 0.1868393 
0.1639446 1.91728 0.2131073 
0.2884752 1.920946 0.1456065 
0.2634867 1.944532 0.1340608 
0.2189135 1.9538 0.1541791 
0.1522857 1.953524 0.1709448 
0.2277942 0.2936693 -0.5936379 
0.1197599 0.2874801 -0.6017442 
0.1370735 0.3496328 -0.6413534 
0.2587789 0.3542684 -0.6205479 
0 0.2845514 -0.6012282 
0 0.3475573 -0.6462903 
0 0.4292565 -0.6671535 
0.1528934 0.4307305 -0.6579471 
0.2874448 0.4343113 -0.6269608 
0.3110383 0.5307043 -0.6268339 
0.4206903 0.5349122 -0.5613688 
0.3893891 0.4387565 -0.5693809 
0.3291689 0.6457934 -0.6246887 
0.4456037 0.6499334 -0.5549781 
0.5274346 0.6539685 -0.4522299 
0.4974492 0.5390261 -0.4645141 
0.4607701 0.4429007 -0.4813396 
0.3336877 1.215909 -0.5665265 
0.3449742 1.069165 -0.5964475 
0.1833889 1.066141 -0.6371741 
0.1774874 1.213202 -0.6069447 
0.3474677 0.9248981 -0.6136299 
0.1846939 0.9218453 -0.65435 
-4.656613e-10 0.9206505 -0.6670751 
1.164153e-09 1.064952 -0.6499242 
8.149073e-10 1.212089 -0.6196755 
0.3417397 0.7805367 -0.6215177 
0.4631819 0.7846108 -0.5498095 
0.4712743 0.9289348 -0.5412959 
0.5585582 0.9327756 -0.4345235 
0.5487638 0.7885221 -0.4439609 
0.3139071 1.366891 -0.522261 
0.4256264 1.368632 -0.453117 
0.4522608 1.2192 -0.4953721 
0.2886053 1.508332 -0.4682612 
0.3935562 1.509239 -0.4018725 
0.4736013 1.50775 -0.3071487 
0.5074892 1.36865 -0.3533544 
0.5366541 1.2218 -0.3915957 
0.2615526 1.626368 -0.4099847 
0.3619087 1.628479 -0.3469976 
0.2370346 1.722334 -0.350063 
0.3327504 1.726106 -0.2920029 
0.4090854 1.728949 -0.2107332 
0.4410799 1.628712 -0.2579549 
0.2177916 1.801082 -0.2904226 
0.3064021 1.805212 -0.2395898 
0.1998665 1.86634 -0.2330002 
0.2799935 1.869973 -0.1910683 
0.3404312 1.873111 -0.1331012 
0.3755512 1.808875 -0.1693236 
0.1796982 1.919689 -0.1778695 
0.2520455 1.922501 -0.1459878 
0.1620072 1.955239 -0.1176418 
0.2306563 1.956377 -0.09725009 
0.2756143 1.947355 -0.07754541 
0.3049673 1.923991 -0.1010766 
0.1982857 0.2549567 -0.5347226 
0.1030449 0.2469462 -0.5302139 
0.1758514 0.2325283 -0.4515251 
0.08942784 0.2226329 -0.4371358 
4.656613e-10 0.2179914 -0.4274792 
-4.656613e-10 0.2430929 -0.5243015 
0.1594442 0.213409 -0.2519267 
0.1565067 0.2129271 -0.1465694 
0.07516032 0.2031401 -0.1155764 
0.07639403 0.2017512 -0.2275533 
0.1602083 0.222859 -0.04582517 
0.07830485 0.2153375 -0.004998097 
-4.656613e-10 0.2115022 0.01327369 
-2.328306e-10 0.1986251 -0.1017263 
-5.820766e-11 0.1966903 -0.2161085 
0.3044296 0.2393927 -0.1249433 
0.3347326 0.259439 -0.0888318 
0.2634677 0.2540477 -0.01576924 
0.2441897 0.2302586 -0.09032627 
0.3723169 0.3019741 -0.03922782 
0.2955523 0.2975489 0.0523191 
0.1755613 0.2484365 0.04482553 
0.1478492 1.969944 0.03229798 
0.151913 1.968737 -0.04591599 
0.0764019 1.967031 -0.05204976 
0.0733123 1.968474 0.0305746 
0.08328301 1.953211 -0.1286443 
-4.656613e-10 1.95242 -0.1315085 
6.402843e-10 1.966318 -0.05377049 
0 1.967803 0.02973931 
0.2888638 1.953572 0.03045261 
0.285496 1.953478 -0.03175497 
0.2242842 1.968871 -0.03594233 
0.2228633 1.969574 0.03332801 
5.820766e-10 0.2385708 0.1215101 
0.08703887 0.2419354 0.0977395 
0.3773843 0.3042348 -0.5016932 
0.3382213 0.2681042 -0.476911 
0.2784121 0.2625911 -0.5202142 
0.3143274 0.2997219 -0.5634359 
0.3080673 0.2514804 -0.4426023 
0.2543323 0.2427592 -0.4528838 
-2.328306e-10 1.86238 -0.2614584 
2.328306e-10 1.916292 -0.1991785 
0.09341402 1.917253 -0.1946048 
0.1040645 1.863506 -0.2552526 
2.328306e-10 1.718387 -0.388573 
0 1.796838 -0.3241493 
0.1131563 1.79801 -0.3169546 
0.1234102 1.719476 -0.380335 
4.656613e-10 1.505939 -0.5175684 
3.49246e-10 1.623358 -0.4541992 
0.1374987 1.624274 -0.4442048 
0.1531029 1.50676 -0.5058627 
-9.313226e-10 1.363975 -0.5743522 
0.1670181 1.36491 -0.5618196 
-6.984919e-10 0.6415001 -0.6764531 
2.328306e-10 0.7762719 -0.6746117 
0.1817326 0.7774692 -0.6619495 
0.17518 0.6427011 -0.6640839 
0.554403 1.076862 -0.418175 
0.4678125 1.073136 -0.5242752 
-4.656613e-10 0.5263116 -0.6751263 
0.1656154 0.5275449 -0.663637 
0.3528615 0.3593061 -0.575339 
0.4195204 0.3634986 -0.4990221 
1.74623e-10 1.856782 0.2742794 
0.09375817 1.857988 0.2688039 
0.08443728 1.915302 0.2261502 
0 1.914488 0.2295672 
0.07778011 1.952083 0.1787224 
0 1.951463 0.1803863 
-1.164153e-09 1.689123 0.3892128 
0.1191755 1.691058 0.3786859 
0.105564 1.783771 0.321908 
9.313226e-10 1.782059 0.3297239 
-5.820766e-10 1.455292 0.4834135 
0.147293 1.456417 0.4670011 
0.1336253 1.579184 0.4284665 
-1.164153e-09 1.577595 0.4420524 
-4.656613e-10 1.199261 0.5271111 
0.1669541 1.200387 0.5074342 
0.1586208 1.33078 0.4926057 
-6.984919e-10 1.329758 0.5110412 
-1.164153e-10 0.9175308 0.5309871 
0.1731214 0.9187238 0.5105464 
0.1718888 1.062229 0.5137659 
-4.656613e-10 1.061043 0.534066 
-4.656613e-10 0.6401311 0.4789267 
0.1628654 0.6413155 0.4592174 
0.1703106 0.774963 0.4948025 
4.656613e-10 0.7737745 0.5150193 
0.1505347 0.5268958 0.399719 
0 0.5256717 0.4190219 
0.4131359 0.3638571 0.01330785 
0.3326629 0.3596164 0.1183515 
0.421715 1.810607 -0.086464 
0.4638566 1.729128 -0.1133091 
0.3777755 1.874607 -0.06424656 
0.3876629 1.874318 0.01161209 
0.4369521 1.809893 0.004089052 
0.4853858 1.726322 -0.006362937 
0.6039861 0.7911434 -0.3039116 
0.580301 0.6567768 -0.3163991 
0.6146213 0.9352895 -0.2933556 
0.6367023 0.9358512 -0.1285127 
0.62599 0.7918236 -0.1401717 
0.6012881 0.6576689 -0.15758 
0.5467187 0.5419416 -0.3361415 
0.5059633 0.4457335 -0.3619141 
0.5655482 0.5429727 -0.1859002 
0.5223625 0.4467864 -0.221017 
0.5659341 1.365782 -0.2244236 
0.5926316 1.222576 -0.2560025 
0.5342534 1.502556 -0.1869345 
0.5618944 1.494329 -0.05030444 
0.5915475 1.360337 -0.07618482 
0.6154351 1.221218 -0.09899913 
0.4610569 0.3660317 -0.3888589 
0.4166458 0.3065113 -0.4041319 
0.4757282 0.3669119 -0.2561474 
0.430618 0.3066885 -0.2831153 
0.6100627 1.079214 -0.2784966 
0.6319389 1.079604 -0.1159314 
0.5008045 1.625462 -0.1480859 
0.5269545 1.619021 -0.02543659 
0.5495636 0.5417348 -0.02693611 
0.585894 0.6562706 0.01044674 
0.5061451 0.4458259 -0.07211383 
0.5223625 0.4467864 -0.221017 
0.5655482 0.5429727 -0.1859002 
0.6012881 0.6576689 -0.15758 
0.5742218 1.353127 0.07865381 
0.5431403 1.484358 0.09143487 
0.5990207 1.217797 0.06575691 
0.6154351 1.221218 -0.09899913 
0.5915475 1.360337 -0.07618482 
0.5618944 1.494329 -0.05030444 
0.4607398 0.3662629 -0.1162425 
0.4171097 0.3050925 -0.1554691 
0.430618 0.3066885 -0.2831153 
0.4757282 0.3669119 -0.2561474 
0.6103188 0.7902319 0.03295184 
0.6204944 0.9341581 0.04553121 
0.62599 0.7918236 -0.1401717 
0.6367023 0.9358512 -0.1285127 
0.5067231 1.610271 0.1005778 
0.4640744 1.720702 0.102768 
0.5269545 1.619021 -0.02543659 
0.4853858 1.726322 -0.006362937 
0.6156736 1.077773 0.05527072 
0.6319389 1.079604 -0.1159314 
0.4154396 1.80661 0.0967961 
0.3674724 1.872393 0.08966624 
0.4369521 1.809893 0.004089052 
0.3876629 1.874318 0.01161209 
0.2785689 1.951525 0.09200265 
0.2187623 1.96727 0.1008549 
0.2888638 1.953572 0.03045261 
0.2228633 1.969574 0.03332801 
0.1478492 1.969944 0.03229798 
0.147506 1.967747 0.108413 
0.07392041 1.966418 0.1112871 
0.0733123 1.968474 0.0305746 
0 1.967803 0.02973931 
4.656613e-10 1.965809 0.1115402 
0.325141 1.923318 0.08826331 
0.3417037 1.924716 0.02169021 
0.3347069 1.925238 -0.04375108 
0.3417037 1.924716 0.02169021 
0.3234963 0.2485419 -0.3815113 
0.2500698 0.2330126 -0.369759 
0.3323743 0.2448571 -0.2918895 
0.2508364 0.2275626 -0.2758117 
0.1594442 0.213409 -0.2519267 
0.1644208 0.2196881 -0.3552662 
0.08082269 0.2082176 -0.3352585 
0.07639403 0.2017512 -0.2275533 
-5.820766e-11 0.1966903 -0.2161085 
-2.328306e-10 0.2031246 -0.3244453 
0.2451761 0.2241146 -0.179112 
0.3227851 0.239648 -0.1971313 
0.2508364 0.2275626 -0.2758117 
0.3323743 0.2448571 -0.2918895 
0.3746629 0.2698387 -0.3978973 
0.388066 0.2684358 -0.2950744 
0.05801188 1.941115 0.003679578 
0.05803719 1.932438 0.08899337 
-5.531019e-10 1.929675 0.0896692 
-7.242792e-10 1.938488 0.003120396 
0.1158674 1.939111 0.08708362 
0.1178185 1.935828 0.1692785 
0.05908852 1.928857 0.1746395 
-2.083958e-10 1.950478 -0.08305 
0.05892214 1.952982 -0.08124834 
-1.410311e-10 1.925999 0.1765619 
0.06031887 1.933325 0.2412972 
8.764803e-12 1.9305 0.2442504 
0.1200832 1.940248 0.23307 
0.123033 1.957509 0.2947783 
0.06193363 1.951222 0.3058266 
-1.866555e-12 1.948649 0.3097904 
0.06327882 1.98791 0.3616043 
0 1.985916 0.3664214 
0.1254519 1.992645 0.3481532 
0.1264554 2.028505 0.3781029 
0.06385479 2.02538 0.3928171 
0 2.023992 0.3980938 
0 2.131308 0.4373468 
0.06418633 2.131087 0.4315732 
0.06413898 2.197018 0.4357478 
0 2.198142 0.4415371 
0.1269431 2.130062 0.4155725 
0.1268127 2.193752 0.4197535 
0.1266592 2.261101 0.4121837 
0.06407082 2.266503 0.4277253 
0 2.268469 0.4333524 
0.06403708 2.334484 0.406367 
0 2.337127 0.4116394 
0.1265784 2.327189 0.3917389 
0.1264689 2.388133 0.3583682 
0.06399126 2.397023 0.3715862 
0 2.400145 0.3763212 
0.06387447 2.450804 0.3238197 
0 2.454206 0.3278505 
0.1262087 2.440641 0.3125318 
0.1257907 2.482765 0.255658 
0.06367972 2.493886 0.2645452 
0 2.497434 0.2677204 
0.06342933 2.524894 0.1957158 
0 2.528522 0.1979015 
0.1252676 2.51312 0.1896227 
0.1248156 2.531224 0.1171221 
0.06321088 2.543372 0.1201443 
0 2.547038 0.1212333 
0.06310996 2.548932 0.04081057 
0 2.5526 0.04073193 
0.1246041 2.536674 0.04100669 
0.1246547 2.528458 -0.03607569 
0.06313865 2.540549 -0.03949767 
0 2.544176 -0.04074801 
0.06327825 2.517155 -0.1176755 
0 2.520679 -0.1200338 
0.1249277 2.505533 -0.1111608 
0.1252873 2.467335 -0.1798149 
0.06346037 2.478124 -0.1891581 
0 2.481466 -0.1925185 
0.0636156 2.423887 -0.2494749 
0 2.426938 -0.2536986 
0.1255971 2.414364 -0.2376875 
0.1257954 2.358231 -0.2778644 
0.06371112 2.366 -0.2915573 
0 2.368506 -0.2965026 
0.06375989 2.301402 -0.3223611 
0 2.303195 -0.3278205 
0.1259149 2.295781 -0.3072776 
0.1259258 2.228877 -0.3242791 
0.06374153 2.232087 -0.3401693 
0 2.233059 -0.3459148 
0.06363026 2.160606 -0.3437382 
0 2.160714 -0.349505 
0.1257922 2.159931 -0.3277338 
0.125214 2.093037 -0.3107142 
0.06326327 2.09129 -0.3259468 
0 2.090569 -0.3314554 
0.06265574 2.043017 -0.2924382 
0 2.041612 -0.2974232 
0.1241827 2.046425 -0.278627 
0.1226234 2.010069 -0.2319374 
0.06176704 2.005499 -0.2437157 
0 2.003595 -0.2479505 
0.06031724 1.97211 -0.1648428 
2.014706e-11 1.969802 -0.1678864 
0.1200257 1.97764 -0.1564269 
0.1174861 1.958963 -0.07629178 
0.1158143 1.947407 0.005190672 
0.1731763 1.948164 0.08422261 
0.1757431 1.945411 0.1611537 
0.2292212 1.961646 0.08113709 
0.2320573 1.95971 0.1512248 
0.1730925 1.955854 0.007552739 
0.1854707 2.423713 0.2951385 
0.1847882 2.463513 0.2419904 
0.185919 2.373984 0.3380237 
0.240826 2.35426 0.3114109 
0.2401626 2.399732 0.27257 
0.2392246 2.436176 0.2243689 
0.1849753 2.286158 -0.2842813 
0.1851039 2.223207 -0.3000246 
0.1847373 2.345009 -0.2569471 
0.2394624 2.326923 -0.2295767 
0.2399113 2.273148 -0.2541819 
0.2402679 2.215707 -0.2682421 
0.1268929 2.074474 0.4011053 
0.1869533 2.076018 0.3773371 
0.1868568 2.128486 0.3911394 
0.1865618 2.032858 0.3556633 
0.2429899 2.042135 0.3273661 
0.2430321 2.081773 0.3468767 
0.2425772 2.129793 0.3593234 
0.183401 2.484698 -0.1012528 
0.1839367 2.448316 -0.1654992 
0.1830008 2.506598 -0.03092632 
0.236931 2.475724 -0.02429654 
0.2374766 2.455358 -0.08840622 
0.238223 2.421705 -0.1468354 
0.1784589 1.985078 -0.1435011 
0.1752486 1.966971 -0.06866693 
0.1816347 2.016229 -0.2138079 
0.2377716 2.025455 -0.1897321 
0.2346902 1.996162 -0.1260998 
0.2313982 1.978925 -0.05812152 
0.1786798 1.949856 0.2206088 
0.182444 1.966313 0.278023 
0.2352481 1.9644 0.2053461 
0.2392193 1.980258 0.2574008 
0.1839661 2.492212 0.1802948 
0.1832658 2.509344 0.1125147 
0.2381445 2.462559 0.1683112 
0.2372451 2.478362 0.1065963 
0.2291031 1.968459 0.01126299 
0.185102 2.158393 -0.3032073 
0.1845896 2.095455 -0.2874281 
0.2405348 2.15663 -0.2709553 
0.240327 2.09924 -0.2566857 
0.282634 1.982355 0.07833776 
0.2853131 1.981506 0.1401193 
0.1861288 2.316048 0.3693108 
0.1862891 2.2531 0.388438 
0.2415102 2.243712 0.3569988 
0.2411947 2.301275 0.3397254 
0.1844112 2.398036 -0.2195477 
0.2389285 2.37547 -0.1958085 
0.1854186 1.999277 0.3276673 
0.2420979 2.011075 0.302141 
0.182935 2.514475 0.04127148 
0.236829 2.483079 0.04159961 
0.1834642 2.051085 -0.2574598 
0.2394326 2.058079 -0.2294247 
0.3299482 2.012479 0.07492712 
0.3318324 2.012631 0.1267574 
0.282515 1.988012 0.01671734 
0.286124 2.41886 -0.07279868 
0.2871047 2.388778 -0.1240923 
0.285422 2.437212 -0.01628137 
0.3280393 2.392892 -0.00656527 
0.3287521 2.377289 -0.05380954 
0.3297604 2.351932 -0.09650312 
0.2882939 1.986687 0.1881908 
0.2918341 2.002265 0.2340703 
0.3340161 2.018003 0.1674154 
0.3365463 2.032507 0.205897 
0.2881054 2.347823 -0.1668388 
0.2889236 2.305124 -0.1961321 
0.3308372 2.317727 -0.1319316 
0.3317522 2.282224 -0.1561548 
0.2939681 2.031209 0.2728526 
0.2942368 2.05969 0.2944269 
0.3377252 2.058329 0.237821 
0.3374688 2.083293 0.2552985 
0.2896633 2.257916 -0.2174089 
0.2903216 2.207547 -0.2294259 
0.3326007 2.243009 -0.1737481 
0.3333799 2.201181 -0.1836385 
0.293657 2.095084 0.3107017 
0.2926642 2.136968 0.3207782 
0.3365027 2.113429 0.2679454 
0.3352542 2.148007 0.2753175 
0.2909157 2.155803 -0.2314988 
0.2911411 2.105586 -0.2188517 
0.334112 2.158225 -0.1851974 
0.3346606 2.11661 -0.174436 
0.2903726 2.283408 0.3032856 
0.2898033 2.329175 0.2789837 
0.2909172 2.234192 0.3180865 
0.3332576 2.225604 0.271956 
0.3326168 2.264876 0.2598456 
0.3319827 2.301908 0.2400761 
0.2907324 2.069051 -0.1947998 
0.289645 2.039856 -0.1599289 
0.3348079 2.086057 -0.1540071 
0.3345204 2.061532 -0.1246587 
0.2889521 2.369052 0.2453288 
0.2878496 2.401469 0.2032262 
0.3311355 2.334869 0.2124298 
0.330106 2.362178 0.1775235 
0.2873303 2.013352 -0.1041494 
0.2845827 1.997524 -0.04439449 
0.3334283 2.038995 -0.07799911 
0.3316966 2.02527 -0.02798504 
0.2866445 2.425204 0.1539477 
0.2856726 2.439546 0.0994735 
0.3290261 2.382444 0.1363609 
0.3281792 2.39481 0.09065738 
0.3300853 2.016974 0.02322371 
0.3684116 2.05577 0.0298982 
0.3676549 2.052173 0.07002837 
0.2852495 2.443849 0.04198004 
0.3278333 2.398544 0.04233523 
0.2420004 2.185082 0.3631679 
0.291693 2.184299 0.3236063 
0.3341334 2.185994 0.2768856 
0.1865681 2.188962 0.3953369 
0.06412707 2.073316 0.4166754 
0 2.07268 0.4222743 
0.3699972 2.073481 -0.04859807 
0.3695118 2.062693 -0.009777976 
0.3697673 2.090934 -0.08484871 
0.3945141 2.121948 -0.04405011 
0.395484 2.109396 -0.01881989 
0.3960541 2.10254 0.008676128 
0.3646029 2.337092 0.1153837 
0.3641204 2.346531 0.08006458 
0.365292 2.321366 0.1470353 
0.3914315 2.281144 0.1162612 
0.3909839 2.292755 0.09467138 
0.3910404 2.298247 0.06983007 
0.3953677 2.09701 0.03638629 
0.3941699 2.0942 0.06453191 
0.3680855 2.052971 0.1102798 
0.3638903 2.349536 0.04273048 
0.3640607 2.345023 0.005050913 
0.3907471 2.301253 0.04386859 
0.3910232 2.29714 0.0178903 
0.393434 2.095606 0.09275156 
0.410372 2.134444 0.04160375 
0.4095801 2.132858 0.05913007 
0.3644963 2.333158 -0.0312725 
0.3651843 2.313676 -0.06390698 
0.3909577 2.289972 -0.007637479 
0.391414 2.27586 -0.02960375 
0.3688863 2.057595 0.1417429 
0.370043 2.069273 0.1713824 
0.3928787 2.09828 0.1148477 
0.3929845 2.106506 0.1352049 
0.3658731 2.28778 -0.09124601 
0.366522 2.260502 -0.1099838 
0.3914388 2.258982 -0.04948254 
0.3918892 2.239445 -0.06199213 
0.3704961 2.089483 0.1959483 
0.3702518 2.109339 0.2092388 
0.392913 2.119844 0.1529308 
0.3930835 2.134307 0.1614898 
0.367065 2.230486 -0.1239278 
0.3676152 2.198318 -0.1317105 
0.391852 2.219064 -0.07308818 
0.3922261 2.19638 -0.07795062 
0.3679114 2.188702 0.2244069 
0.3673508 2.218427 0.2199586 
0.3686942 2.159836 0.2236964 
0.392598 2.170071 0.1712741 
0.3921221 2.190405 0.1723683 
0.3921478 2.210998 0.1677961 
0.3680926 2.165256 -0.1332408 
0.3686915 2.133306 -0.1246147 
0.3921999 2.17329 -0.08028973 
0.3928356 2.151248 -0.0730836 
0.3668818 2.247855 0.2104932 
0.3664812 2.275574 0.1950843 
0.3917656 2.231625 0.1616993 
0.3918388 2.250097 0.149773 
0.369524 2.133007 0.2187378 
0.3926485 2.150783 0.1690425 
0.3692402 2.109709 -0.1082901 
0.3933567 2.134437 -0.06203528 
0.3659069 2.300612 0.1739443 
0.3914232 2.267793 0.1356598 
0.4064818 2.178341 -0.03124875 
0.4067036 2.163447 -0.02820325 
0.4061806 2.193534 -0.03075154 
0.4184784 2.185209 0.05234927 
0.4062631 2.215626 0.120297 
0.4062302 2.22752 0.1131314 
0.4062864 2.202899 0.1250605 
0.4071918 2.154013 -0.02025868 
0.4079798 2.146306 -0.009333163 
0.4061959 2.23807 0.1035298 
0.4061637 2.246789 0.09162095 
0.4092127 2.139318 0.006767871 
0.4101975 2.136032 0.02406666 
0.4061281 2.253339 0.07770775 
0.4060959 2.257432 0.06230887 
0.4081379 2.131521 0.07663582 
0.4060877 2.258585 0.04615912 
0.4061078 2.256287 0.02988983 
-7.242792e-10 1.938488 0.003120396 
-5.531019e-10 1.929675 0.0896692 
-0.05803719 1.932438 0.08899338 
-0.05801188 1.941116 0.003679576 
0.406396 2.164965 0.1257822 
0.4063516 2.177011 0.1277458 
0.4063774 2.154144 0.1216984 
0.4061456 2.250811 0.01414402 
0.4061818 2.243633 0.00011737 
0.4070193 2.132081 0.0908239 
0.4063549 2.136176 0.1044589 
0.4061629 2.23461 -0.01194092 
0.4060701 2.222267 -0.02082079 
0.4062942 2.144989 0.1155825 
0.4063531 2.207936 -0.02588415 
0.4063088 2.189842 0.1275213 
0.3346178 0.2054316 -0.07293919 
0.3357632 0.2054316 -0.1118784 
0.333577 0.3899032 -0.1118784 
0.3324316 0.3899032 -0.07293921 
0.3114678 0.3899032 -0.04010487 
0.313654 0.2054316 -0.04010486 
0.2435566 0.3899032 -0.1686504 
0.2457428 0.2054316 -0.1686504 
0.2114477 0.2054316 -0.1501728 
0.2092615 0.3899032 -0.1501728 
0.3178098 0.2054316 -0.1464508 
0.3156236 0.3899032 -0.1464508 
0.2846601 0.2054316 -0.1669124 
0.2860216 0.1243583 -0.1669124 
0.2471044 0.1243583 -0.1686504 
0.2846601 0.2054316 -0.1669124 
0.3191713 0.1243583 -0.1464508 
0.2860216 0.1243583 -0.1669124 
0.324464 0.05143281 -0.1475015 
0.3432765 0.05143946 -0.1099585 
0.4170318 0.04718584 -0.07969297 
0.3840028 0.04710434 -0.1636542 
0.2127828 0.05142667 -0.1529245 
0.2490993 0.05139996 -0.1713104 
0.2569547 0.04710434 -0.2076543 
0.1910522 0.04710433 -0.1942663 
0.2793589 0.2054316 -0.0216272 
0.2404416 0.2054316 -0.02336524 
0.2418032 0.1243583 -0.02336523 
0.2807205 0.1243583 -0.0216272 
0.207292 0.2054316 -0.04382682 
0.2086535 0.1243583 -0.04382681 
0.2080053 0.05147605 -0.03985876 
0.1890922 0.05142361 -0.07743801 
0.1446138 0.04718584 -0.0628866 
0.174865 0.04786396 0.02316322 
0.3196689 0.05157063 -0.03467045 
0.2835421 0.05161792 -0.01623728 
0.3044568 0.05045974 0.06524654 
0.37076 0.04954233 0.05224724 
0.1893385 0.2054317 -0.07839919 
0.1907001 0.1243583 -0.07839918 
0.1904839 0.2054316 -0.1173384 
0.1918455 0.1243583 -0.1173384 
0.1905147 0.05143091 -0.119287 
0.1485265 0.04710434 -0.1490302 
0.2087014 0.05317478 -0.04124348 
0.2428498 0.05323218 -0.02002235 
0.3371248 0.1243583 -0.1118784 
0.3359794 0.1243583 -0.07293919 
0.3432765 0.05143946 -0.1099585 
0.3418707 0.05148822 -0.06833689 
0.4165537 0.04786396 0.008533766 
0.3231551 0.05314311 -0.1471549 
0.2890067 0.05314348 -0.1683761 
0.58733 0.03644918 0.3945299 
0.6116838 0.03698726 0.5152557 
0.6285219 -0.01607221 0.5151636 
0.6039357 -0.01608573 0.3944676 
0.6135622 0.03694141 0.6237428 
0.6290786 -0.01607336 0.6236449 
0.6285219 -0.01607221 0.5151636 
0.6290786 -0.01607336 0.6236449 
0.5970199 -0.0618127 0.6234146 
0.5937099 -0.0618127 0.514944 
0.6039357 -0.01608573 0.3944676 
0.5695901 -0.0618127 0.3943159 
0.2830186 0.05326662 -0.0181517 
0.3150155 0.1243583 -0.04010485 
0.3186074 0.0532312 -0.03642095 
0.3404538 0.0531733 -0.0697628 
0.2348134 0.04954234 0.06084578 
0.1326851 0.03854958 0.1177017 
0.2293107 0.05097897 0.1574419 
0.3265988 0.05317339 0.1614693 
0.2427004 0.05156506 -0.01820873 
0.2080053 0.05147605 -0.03985876 
0.1905147 0.05143091 -0.119287 
0.1116435 0.03453171 -0.1751189 
0.1033362 0.03462781 -0.04734256 
0.2899337 0.05141986 -0.169197 
0.324464 0.05143281 -0.1475015 
0.3264511 0.04710433 -0.2026751 
0.5092891 0.03854958 0.1158746 
0.4847025 0.03462781 -0.05039221 
0.4361493 0.03453171 -0.177816 
0.2368116 0.05345773 0.2720802 
0.3485518 0.05703224 0.2732752 
0.1432134 0.03589255 0.2683737 
0.1531674 0.03644918 0.3926294 
0.2512483 0.05655248 0.3936098 
0.3703513 0.06154492 0.3944396 
0.3244266 -0.05099479 0.7497915 
0.3236876 -0.01486639 0.7599691 
0.2550768 -0.01578422 0.706232 
0.2786637 -0.05995963 0.7051929 
0.3236876 -0.01486639 0.7599691 
0.3236119 0.02883302 0.757506 
0.2676086 0.03574263 0.707172 
0.2550768 -0.01578422 0.706232 
0.2081998 0.0369414 0.6208921 
0.1926746 -0.01607336 0.6205758 
0.1926746 -0.01607336 0.6205758 
0.2247272 -0.0618127 0.6207964 
0.09829845 -0.01576313 -0.04289628 
0.115428 -0.01604779 0.1235032 
0.10734 -0.01473158 -0.1752171 
0.09829845 -0.01576313 -0.04289628 
0.10734 -0.01473158 -0.1752171 
0.1256471 -0.05099479 -0.1480163 
0.1276014 -0.05995963 -0.03965713 
0.115428 -0.01604779 0.1235032 
0.1460824 -0.06181269 0.123594 
0.1272234 -0.01608431 0.2675198 
0.1365261 -0.01608573 0.3924215 
0.1272234 -0.01608431 0.2675198 
0.159669 -0.0618127 0.2676113 
0.1365261 -0.01608573 0.3924215 
0.1708467 -0.0618127 0.3925704 
0.2638406 0.03453171 -0.2397622 
0.3585098 0.03453171 -0.232115 
0.3662495 -0.01578332 -0.2306602 
0.2666367 -0.0161339 -0.23859 
0.4455691 -0.01473158 -0.1752849 
0.3662495 -0.01578332 -0.2306602 
0.4455691 -0.01473158 -0.1752849 
0.4358217 -0.05099479 -0.1480163 
0.3733477 -0.05995963 -0.1753653 
0.2666367 -0.0161339 -0.23859 
0.2756222 -0.06181269 -0.1810185 
0.4376995 0.03658871 0.7739894 
0.3772309 0.03569854 0.7712513 
0.3840253 -0.01578532 0.7811552 
0.4395358 -0.01608222 0.7842131 
0.3840253 -0.01578532 0.7811552 
0.3724766 -0.05995963 0.7603784 
0.4395358 -0.01608222 0.7842131 
0.4357434 -0.0618127 0.7627112 
0.1694901 -0.01578332 -0.2306212 
0.171919 0.03453171 -0.2305642 
0.1796481 -0.05995963 -0.1753653 
0.1694901 -0.01578332 -0.2306212 
0.4108631 -0.08344853 0.6221071 
0.4260265 -0.08074406 0.7076856 
0.3412317 -0.07813974 0.7067847 
0.3038328 -0.08074406 0.6213539 
0.4109067 0.06508695 0.6236342 
0.2997296 0.059 0.6223798 
0.3396724 0.05372214 0.7101185 
0.4265209 0.05756353 0.7114212 
0.5968208 -0.01578422 0.7082465 
0.5728207 -0.05995963 0.7069415 
0.584548 0.03574263 0.709031 
0.5968208 -0.01578422 0.7082465 
0.54616 0.02883302 0.7582818 
0.5469602 -0.01486639 0.7607032 
0.5469602 -0.01486639 0.7607032 
0.5426556 -0.05099479 0.7506642 
0.4939905 -0.01578533 0.7812837 
0.4972688 0.03569854 0.7715143 
0.4982555 -0.05995963 0.7607671 
0.4939905 -0.01578533 0.7812837 
0.3237539 -0.08344853 0.1237412 
0.3480763 -0.08344854 0.2680708 
0.2397361 -0.08074407 0.2678076 
0.2215907 -0.08074405 0.1236569 
0.3701768 -0.08344854 0.3934499 
0.2555537 -0.08074406 0.3929456 
0.2969752 -0.08074404 -0.04391681 
0.1982308 -0.07813973 -0.04285783 
0.3915811 -0.08344854 0.5136943 
0.2753853 -0.08074407 0.512971 
0.1895119 -0.0618127 0.5124347 
0.270985 0.059228 0.513943 
0.3917064 0.06541692 0.5151414 
0.1715818 0.03698726 0.5125237 
0.4893806 0.05655248 0.3946522 
0.512375 0.059228 0.5154414 
0.5220654 0.059 0.6239434 
0.5077993 -0.08074407 0.5144137 
0.4848312 -0.08074407 0.3939492 
0.5179012 -0.08074405 0.6228594 
0.4676771 -0.05995962 -0.03962078 
0.3960519 -0.07813974 -0.04283692 
0.5014462 -0.06181269 0.1238849 
0.4259249 -0.08074405 0.1238242 
0.5365434 -0.0618127 0.2685205 
0.4564389 -0.08074406 0.2683303 
0.154718 -0.01607221 0.5122223 
0.154718 -0.01607221 0.5122223 
0.5131882 0.05372214 0.7111144 
0.4958614 -0.01576312 -0.04292758 
0.5320139 -0.01604779 0.1237993 
0.4958614 -0.01576312 -0.04292758 
0.5320139 -0.01604779 0.1237993 
0.5106794 -0.07813975 0.7077774 
0.4225709 0.05097896 0.1552188 
0.4600643 0.05345772 0.2723727 
0.5530785 0.03589255 0.2692715 
0.2890067 0.05314348 -0.1683761 
0.2488377 0.05314385 -0.1702468 
0.2128093 0.1243583 -0.1501728 
0.213249 0.05314391 -0.1519774 
0.1914027 0.05314402 -0.1186355 
0.2899337 0.05141986 -0.169197 
0.3404538 0.0531733 -0.0697628 
0.3416859 0.0531469 -0.1105978 
-0.2427003 0.05156507 -0.01820873 
-0.2348133 0.04954234 0.06084578 
-0.1748649 0.04786396 0.02316322 
-0.2080053 0.05147605 -0.03985876 
0.1901706 0.05314801 -0.07780053 
0.2835421 0.05161792 -0.01623728 
0.2824739 0.3899032 -0.1669124 
0.1882977 0.3899032 -0.1173384 
0.2051058 0.3899032 -0.0438268 
0.2382554 0.3899032 -0.02336523 
0.2824739 0.3899032 -0.1669124 
0.1871523 0.3899032 -0.07839917 
0.2771727 0.3899032 -0.0216272 
-0.3346178 0.2054316 -0.07293919 
-0.313654 0.2054316 -0.04010486 
-0.3114678 0.3899032 -0.04010487 
-0.3324316 0.3899032 -0.07293921 
0.3231551 0.05314311 -0.1471549 
0.2830186 0.05326662 -0.0181517 
0.3186074 0.0532312 -0.03642095 
0.5689897 -0.01608431 0.2685775 
0.5689897 -0.01608431 0.2685775 
0.3755503 0.2641914 -0.1858951 
0.388066 0.2684358 -0.2950744 
0.5490366 1.761088 -0.05213282 
0.6457274 1.63189 -0.0824923 
0.64303 1.631338 -0.2059924 
0.5473274 1.760536 -0.1603926 
0.7266688 1.500864 -0.101394 
0.7232412 1.500312 -0.2343606 
0.7162207 1.496444 -0.3325474 
0.6365495 1.62747 -0.2971822 
0.5415772 1.756668 -0.2403177 
0.3133396 1.94632 0.01397855 
0.4402727 1.866965 -0.01563217 
0.4395443 1.866412 -0.1054736 
0.3132902 1.945768 -0.06080157 
0.4346126 1.862545 -0.1717853 
0.3095146 1.9419 -0.1159809 
0.7286631 1.500312 0.03160229 
0.7911538 1.386293 0.02899574 
0.7888588 1.386846 -0.1067028 
0.7256501 1.496444 0.1299968 
0.7883632 1.382426 0.1293876 
0.8413431 1.275321 0.1303282 
0.8441025 1.279188 0.03183507 
0.8417639 1.279742 -0.1012949 
0.8304189 1.266193 0.1707816 
0.883802 1.153352 0.1713367 
0.8950589 1.162733 0.1322829 
0.883802 1.153352 0.1713367 
0.8507839 1.127899 0.1719781 
0.9058065 1.01742 0.1725401 
0.9381104 1.042322 0.1719281 
0.925675 1.042373 -0.3250981 
0.8933713 1.017471 -0.3244851 
0.8383474 1.127935 -0.3490482 
0.8713653 1.153388 -0.3496905 
0.9381104 1.042322 0.1719281 
0.9497274 1.051982 0.1343792 
1.052686 0.8702722 0.1366271 
1.040685 0.8602939 0.1725561 
1.088099 0.7905353 0.1726558 
1.100161 0.800566 0.1369862 
1.088099 0.7905353 0.1726558 
1.056697 0.7663283 0.1732315 
1.118226 0.6963652 0.1734048 
1.149398 0.7203941 0.172839 
0.7967433 1.240233 0.1714498 
0.8304189 1.266193 0.1707816 
1.149398 0.7203941 0.172839 
1.161576 0.7305163 0.1376473 
1.161996 0.7349372 -0.05737985 
1.164334 0.7343842 0.05470734 
1.247555 0.6552263 0.05876268 
1.245795 0.6552559 -0.04849167 
1.24316 0.6530198 0.1360798 
1.298776 0.6002169 0.1226726 
1.314373 0.5891984 0.06178449 
1.314983 0.5869209 -0.0394339 
1.15095 0.7305179 -0.2521696 
1.158224 0.7343851 -0.1694374 
1.24148 0.6552265 -0.1558627 
1.232717 0.65302 -0.2334163 
1.308402 0.5891984 -0.1414 
1.289213 0.600217 -0.2059053 
0.9843036 0.8216573 -0.06207698 
1.03178 0.7519496 -0.05992221 
1.035552 0.7525004 0.0540361 
0.9880769 0.8222064 0.05291393 
1.093196 0.6818981 -0.0559554 
1.096967 0.6824502 0.05610212 
1.104242 0.686317 0.1388344 
1.042827 0.7563668 0.1381732 
0.9953522 0.8260731 0.1378141 
1.136966 0.7204698 -0.2867401 
1.075663 0.7906091 -0.2945004 
1.089532 0.8005711 -0.2594422 
1.075663 0.7906091 -0.2945004 
1.044261 0.7664021 -0.2939247 
0.9967207 0.8360636 -0.2981348 
1.028248 0.860367 -0.2987158 
-0.1546766 1.983437 -0.1146256 
-0.1407448 1.961026 -0.1137499 
-0.2741389 1.909008 -0.1396027 
-0.2970943 1.930242 -0.14046 
1.028248 0.860367 -0.2987158 
1.042055 0.8702829 -0.2633933 
0.7851303 1.386294 -0.2423717 
0.7778875 1.382427 -0.3425558 
0.8379914 1.279191 -0.2343956 
0.8307161 1.275325 -0.3326814 
0.3076091 1.9419 0.1441754 
0.434705 1.862545 0.1407584 
0.4395975 1.866412 0.07423896 
0.3121946 1.945768 0.08878832 
0.5450291 1.756668 0.1362895 
0.5493123 1.760536 0.05615659 
0.6434385 1.62747 0.132435 
0.6469912 1.631338 0.04103749 
0.480236 1.708049 -0.05070836 
0.4799603 1.708601 -0.1589978 
0.5756629 1.579404 -0.2045976 
0.5769268 1.578851 -0.08106785 
0.4842435 1.712469 -0.2391307 
0.5792157 1.583271 -0.2959952 
0.658887 1.452245 -0.3313603 
0.6558741 1.448378 -0.2329658 
0.6578682 1.447825 -0.09996954 
0.2560058 1.893281 0.01540301 
0.2571509 1.893834 -0.05940679 
0.3735807 1.814478 -0.1040789 
0.3729055 1.813926 -0.01420772 
0.2617364 1.897701 -0.1147939 
0.3784733 1.818345 -0.1705983 
0.7200583 1.333807 -0.1052783 
0.7237867 1.334359 0.03039052 
0.661296 1.448378 0.03299706 
0.7729632 1.226702 -0.09987047 
0.7767352 1.227254 0.03322985 
0.7840093 1.231122 0.1315153 
0.7310294 1.338227 0.1305746 
0.6683164 1.452245 0.1311838 
1.009158 0.8359905 0.1731368 
0.8266787 1.114115 -0.08814311 
0.8304519 1.114664 0.03933806 
0.8813463 1.003366 -0.07556565 
0.8851206 1.003912 0.04588896 
0.8923936 1.007783 0.1355662 
0.8377251 1.118534 0.1334699 
1.178428 0.6033218 -0.04709689 
1.181568 0.6043563 0.06012889 
1.257649 0.5427217 -0.03824686 
1.258022 0.5457563 0.0629512 
1.247176 0.5604377 0.1237409 
1.186808 0.6095777 0.1372465 
1.093616 0.6863187 -0.2509825 
1.176365 0.6095779 -0.2322496 
1.175493 0.6043563 -0.1544965 
1.090857 0.6824511 -0.1680426 
1.237613 0.5604377 -0.204837 
1.25205 0.5457563 -0.1402333 
0.7733822 1.231126 -0.3314943 
0.8270943 1.118546 -0.3099954 
0.8243372 1.114675 -0.2156549 
0.7706242 1.227257 -0.2330008 
0.8817595 1.007802 -0.2869375 
0.8790035 1.003928 -0.1970512 
1.105794 0.6964408 -0.2861742 
1.032199 0.7563719 -0.2582551 
0.9847206 0.8260837 -0.2622062 
0.7205537 1.338227 -0.3413688 
0.7177631 1.33436 -0.2409769 
0.2598309 1.897701 0.1453625 
0.2560552 1.893834 0.09018312 
0.3736338 1.814478 0.07563374 
0.3785656 1.818345 0.1419454 
0.4819451 1.708601 0.05755137 
0.4876953 1.712469 0.1374765 
0.579624 1.579404 0.04243227 
0.5861047 1.583271 0.1336221 
0.7653112 1.37343 -0.3831431 
0.7313379 1.34724 -0.3824589 
0.6699037 1.461369 -0.3717637 
0.7035622 1.487317 -0.3724647 
0.7843052 1.240257 -0.3719473 
0.9469175 0.919166 -0.3073309 
0.9787169 0.943679 -0.3079231 
0.6235148 1.617889 -0.3347327 
0.5909722 1.592801 -0.3340004 
0.4971651 1.72267 -0.2732506 
0.527864 1.746337 -0.2740246 
0.8179808 1.266217 -0.3726158 
1.332553 0.5520357 0.06596711 
1.29692 0.5285013 0.06635427 
1.29758 0.5246534 -0.03473633 
1.334064 0.5487216 -0.03513142 
1.274638 0.5555446 0.1398801 
0.7775788 1.373414 0.1704777 
0.7436056 1.347224 0.1711619 
0.680975 1.461372 0.1711012 
1.302465 0.5750889 0.1405273 
0.1390504 1.961413 0.1682693 
0.1529821 1.983825 0.1673936 
7.934171e-10 2.003907 0.1664541 
-8.372859e-10 1.980024 0.1673459 
0.2952066 1.930593 0.1689842 
0.1597829 1.994525 0.1452724 
0.1529821 1.983825 0.1673936 
-9.313226e-10 2.013873 0.1452376 
7.934171e-10 2.003907 0.1664541 
0.7146335 1.48732 0.1704002 
1.220282 0.6411656 -0.2656273 
1.190444 0.6181719 -0.2648798 
1.136966 0.7204698 -0.2867401 
1.264988 0.5556341 -0.2178138 
0.2722512 1.909359 0.1698416 
0.2952066 1.930593 0.1689842 
1.326476 0.5520325 -0.1372526 
1.290895 0.5285064 -0.1368614 
1.291713 0.5741454 -0.2193691 
1.232584 0.6411661 0.1692773 
1.202507 0.6180142 0.1695952 
1.02944 0.7525036 -0.1739102 
0.9819633 0.8222139 -0.1770979 
0.631682 1.61794 0.1704403 
0.5991393 1.592852 0.1711725 
0.5014087 1.7228 0.1711835 
0.1302538 1.946458 0.09596958 
0.13038 1.945906 0.02753404 
0.1323105 1.950326 0.1464595 
2.793968e-09 1.969674 0.1464247 
-1.280569e-09 1.965807 0.09660468 
-1.396984e-09 1.965254 0.02907549 
0.4203573 1.851328 -0.2006912 
0.3924051 1.829321 -0.1998718 
0.2741389 1.909008 -0.1396027 
0.2970943 1.930242 -0.14046 
0.5321075 1.746468 0.1704094 
0.4207731 1.851569 0.1700319 
0.392821 1.829562 0.1708513 
0.897819 1.166598 0.03794329 
0.8954791 1.167154 -0.08956757 
0.9524878 1.055846 0.04449418 
0.9501469 1.056404 -0.07699011 
0.4207731 1.851569 0.1700319 
0.5321075 1.746468 0.1704094 
1.04933 0.874148 -0.1784927 
1.096808 0.8044376 -0.175305 
1.053104 0.8746964 -0.06350144 
1.10058 0.8049887 -0.06134668 
0.527864 1.746337 -0.2740246 
0.4203573 1.851328 -0.2006912 
0.2970943 1.930242 -0.14046 
0.9390932 1.052001 -0.2881246 
0.925675 1.042373 -0.3250981 
0.8713653 1.153388 -0.3496905 
0.884428 1.162746 -0.3111825 
0.8179808 1.266217 -0.3726158 
0.1546766 1.983438 -0.1146256 
0.1614165 1.994525 -0.09281585 
0.1546766 1.983438 -0.1146256 
0.1407449 1.961026 -0.11375 
1.758102e-09 1.97964 -0.1097276 
1.51115e-09 2.003524 -0.1106194 
1.51115e-09 2.003524 -0.1106194 
9.313226e-10 2.013873 -0.08969812 
0.631682 1.61794 0.1704403 
0.7146335 1.48732 0.1704002 
0.8917046 1.166609 -0.2170497 
0.9463706 1.055862 -0.198446 
1.232584 0.6411661 0.1692773 
1.302465 0.5750889 0.1405273 
1.334064 0.5487216 -0.03513142 
1.326476 0.5520325 -0.1372526 
1.291713 0.5741454 -0.2193691 
1.220282 0.6411656 -0.2656273 
0.7775788 1.373414 0.1704777 
1.332553 0.5520357 0.06596711 
0.7035622 1.487317 -0.3724647 
0.6235148 1.617889 -0.3347327 
0.7653112 1.37343 -0.3831431 
1.00578 0.9573439 0.04906788 
1.003439 0.9579018 -0.06820832 
1.003021 0.953478 0.1358427 
1.055444 0.8741405 0.05151914 
0.9996637 0.9573575 -0.1854557 
0.9923869 0.9534949 -0.2720238 
0.9384129 0.9054098 0.05046266 
0.9346389 0.9048628 -0.06678388 
0.9456872 0.9092788 0.1370298 
0.9322966 0.9054234 -0.184061 
0.9350532 0.9092957 -0.2708368 
0.9911532 0.9436142 0.1723379 
0.9593536 0.9191009 0.1729294 
1.040685 0.8602939 0.1725561 
0.9787169 0.943679 -0.3079231 
0.9911532 0.9436142 0.1723379 
1.102919 0.8044345 0.05264131 
0.1634732 1.998393 -0.04232595 
0.1633469 1.998945 0.02610959 
-3.608875e-09 2.017741 -0.03987815 
9.313226e-10 2.018293 0.02765103 
0.1339441 1.950326 -0.0916288 
-3.259629e-09 1.969674 -0.08851108 
0.1625339 1.998392 0.09457482 
2.444722e-09 2.017741 0.09520989 
0.1311931 1.946458 -0.04093118 
1.920853e-09 1.965807 -0.03848337 
-0.2002092 0.29197 0.1260712 
-0.1005209 0.2860306 0.1872224 
-0.1171921 0.3495861 0.2612635 
-0.2300354 0.3544118 0.200511 
-0.1346777 0.4305238 0.3295551 
-0.2612501 0.4342014 0.2722171 
-0.2901553 0.53007 0.3424713 
-0.4084544 0.5343661 0.2489317 
-0.3713551 0.438781 0.184175 
-0.3130912 0.6444269 0.3999194 
-0.4388823 0.6487092 0.3017471 
-0.5318227 0.6530333 0.1692926 
-0.4970526 0.5386305 0.1233962 
-0.4556013 0.4430154 0.06795476 
-0.3271687 0.7780946 0.4338849 
-0.4580927 0.7824259 0.3328899 
-0.3325428 0.9218698 0.4490378 
-0.4655749 0.9262285 0.3472148 
-0.5635712 0.9306947 0.2099631 
-0.5544839 0.7868441 0.1965352 
-0.3300755 1.065364 0.4528314 
-0.4619234 1.069722 0.3522258 
-0.3204142 1.20347 0.4485036 
-0.4481167 1.207985 0.351435 
-0.5427206 1.213074 0.2212067 
-0.5590597 1.074222 0.216968 
-0.3042776 1.33385 0.4373912 
-0.4255168 1.338895 0.3464385 
-0.2828828 1.459955 0.4174393 
-0.3966331 1.466042 0.3351615 
-0.4846751 1.474389 0.2242801 
-0.5169281 1.345533 0.2244024 
-0.2577356 1.58387 0.3864356 
-0.3639539 1.591345 0.3151101 
-0.2309974 1.696419 0.3449303 
-0.3287335 1.704322 0.2857862 
-0.4081367 1.713012 0.2035018 
-0.4484538 1.600568 0.2178801 
-0.2049803 1.78831 0.2959674 
-0.2925344 1.794653 0.2490209 
-0.1819435 1.861044 0.2498053 
-0.2593841 1.865084 0.2139673 
-0.3225118 1.869158 0.1601436 
-0.3642448 1.801255 0.181619 
-0.1639446 1.91728 0.2131074 
-0.2335718 1.919471 0.1868393 
-0.1522857 1.953524 0.1709448 
-0.2189135 1.9538 0.1541791 
-0.2643429 1.948397 0.1340608 
-0.2884751 1.920946 0.1456065 
-0.2277942 0.2936693 -0.5936379 
-0.2587789 0.3542684 -0.620548 
-0.1370735 0.3496328 -0.6413534 
-0.1197599 0.2874801 -0.6017442 
-0.2874448 0.4343113 -0.6269609 
-0.1528934 0.4307305 -0.6579471 
-0.3893891 0.4387565 -0.569381 
-0.4206903 0.5349122 -0.5613688 
-0.3110383 0.5307043 -0.6268339 
-0.4607701 0.4429007 -0.4813396 
-0.4974492 0.5390261 -0.4645141 
-0.5274345 0.6539684 -0.4522299 
-0.4456037 0.6499334 -0.5549781 
-0.3291688 0.6457934 -0.6246887 
-0.3336877 1.215909 -0.5665265 
-0.1774874 1.213202 -0.6069448 
-0.1833889 1.066141 -0.6371742 
-0.3449742 1.069165 -0.5964475 
-0.1846938 0.9218453 -0.65435 
-0.3474677 0.9248981 -0.6136299 
-0.463182 0.7846107 -0.5498094 
-0.3417397 0.7805367 -0.6215177 
-0.5487639 0.7885221 -0.443961 
-0.5585582 0.9327756 -0.4345235 
-0.4712743 0.9289349 -0.541296 
-0.4522608 1.2192 -0.4953721 
-0.4256264 1.368632 -0.453117 
-0.3139072 1.366891 -0.5222609 
-0.5366541 1.2218 -0.3915957 
-0.5074892 1.36865 -0.3533544 
-0.4736013 1.50775 -0.3071487 
-0.3935561 1.509238 -0.4018726 
-0.2886054 1.508332 -0.4682611 
-0.3619086 1.628479 -0.3469975 
-0.2615526 1.626369 -0.4099848 
-0.4410799 1.628712 -0.2579549 
-0.4090855 1.728949 -0.2107332 
-0.3327504 1.726106 -0.2920029 
-0.2370346 1.722334 -0.3500629 
-0.3064021 1.805213 -0.2395898 
-0.2177916 1.801082 -0.2904226 
-0.3755512 1.808875 -0.1693236 
-0.3404312 1.873111 -0.1331012 
-0.2799934 1.869974 -0.1910683 
-0.1998665 1.86634 -0.2330002 
-0.2520455 1.922501 -0.1459877 
-0.1796982 1.919689 -0.1778694 
-0.3049674 1.923991 -0.1010766 
-0.2764706 1.95122 -0.07754541 
-0.2306563 1.956377 -0.09725008 
-0.1620072 1.955239 -0.1176418 
-0.1030449 0.2469462 -0.530214 
-0.1982857 0.2549567 -0.5347226 
-0.08942784 0.2226329 -0.4371359 
-0.1758514 0.2325283 -0.451525 
-0.1594443 0.2134091 -0.2519267 
-0.07639404 0.2017512 -0.2275533 
-0.07516032 0.2031401 -0.1155764 
-0.1565067 0.2129271 -0.1465694 
-0.07830485 0.2153375 -0.004998098 
-0.1602083 0.222859 -0.04582516 
-0.3044296 0.2393928 -0.1249433 
-0.2441897 0.2302586 -0.09032627 
-0.2634677 0.2540477 -0.01576924 
-0.3347326 0.259439 -0.0888318 
-0.1755613 0.2484365 0.04482553 
-0.2955523 0.2975489 0.0523191 
-0.3723169 0.3019741 -0.03922782 
-0.1478492 1.969944 0.03229798 
-0.0733123 1.968475 0.0305746 
-0.07640192 1.967031 -0.05204976 
-0.151913 1.968737 -0.045916 
-0.08328301 1.953211 -0.1286443 
-0.28972 1.957438 0.03045261 
-0.2228633 1.969574 0.03332802 
-0.2242842 1.968871 -0.03594233 
-0.2863523 1.957344 -0.03175497 
-0.08703887 0.2419354 0.0977395 
-0.3773843 0.3042348 -0.5016932 
-0.3143274 0.2997219 -0.563436 
-0.2784121 0.2625912 -0.5202142 
-0.3382213 0.2681042 -0.476911 
-0.2543323 0.2427592 -0.4528838 
-0.3080673 0.2514804 -0.4426022 
-0.1040645 1.863506 -0.2552526 
-0.09341402 1.917253 -0.1946048 
-0.1234102 1.719476 -0.380335 
-0.1131563 1.79801 -0.3169545 
-0.1531029 1.50676 -0.5058627 
-0.1374987 1.624274 -0.4442047 
-0.1670181 1.36491 -0.5618196 
-0.17518 0.6427011 -0.6640839 
-0.1817326 0.7774692 -0.6619495 
-0.4678125 1.073136 -0.5242751 
-0.554403 1.076862 -0.4181749 
-0.1656154 0.5275449 -0.663637 
-0.4195204 0.3634987 -0.4990221 
-0.3528616 0.3593061 -0.575339 
-0.08443728 1.915302 0.2261502 
-0.09375816 1.857988 0.268804 
-0.07778011 1.952083 0.1787224 
-0.105564 1.783771 0.321908 
-0.1191755 1.691058 0.3786859 
-0.1336253 1.579184 0.4284665 
-0.147293 1.456417 0.467001 
-0.1586208 1.33078 0.4926057 
-0.1669541 1.200387 0.5074342 
-0.1718889 1.062229 0.5137659 
-0.1731214 0.9187239 0.5105464 
-0.1703106 0.774963 0.4948025 
-0.1628654 0.6413155 0.4592174 
-0.1505347 0.5268958 0.399719 
-0.3326629 0.3596164 0.1183515 
-0.413136 0.3638571 0.01330785 
-0.4638566 1.729128 -0.1133091 
-0.421715 1.810607 -0.086464 
-0.4853858 1.726321 -0.006362939 
-0.4369521 1.809893 0.004089054 
-0.3876629 1.874318 0.01161209 
-0.3777755 1.874607 -0.06424657 
-0.5803009 0.6567768 -0.3163992 
-0.603986 0.7911434 -0.3039116 
-0.6012881 0.6576689 -0.15758 
-0.62599 0.7918236 -0.1401717 
-0.6367022 0.9358512 -0.1285127 
-0.6146213 0.9352895 -0.2933556 
-0.5059633 0.4457335 -0.3619141 
-0.5467187 0.5419418 -0.3361415 
-0.5223626 0.4467864 -0.2210171 
-0.5655482 0.5429728 -0.1859002 
-0.5926315 1.222576 -0.2560025 
-0.5659341 1.365782 -0.2244236 
-0.6154351 1.221218 -0.09899914 
-0.5915475 1.360337 -0.07618481 
-0.5618944 1.494329 -0.05030444 
-0.5342535 1.502556 -0.1869345 
-0.4166458 0.3065113 -0.4041319 
-0.461057 0.3660318 -0.3888589 
-0.4306179 0.3066885 -0.2831153 
-0.4757282 0.3669119 -0.2561474 
-0.6100627 1.079214 -0.2784966 
-0.6319388 1.079604 -0.1159314 
-0.5008045 1.625462 -0.1480859 
-0.5269545 1.619021 -0.02543659 
-0.585894 0.6562705 0.01044675 
-0.5495636 0.5417348 -0.02693611 
-0.6012881 0.6576689 -0.15758 
-0.5655482 0.5429728 -0.1859002 
-0.5223626 0.4467864 -0.2210171 
-0.5061451 0.4458259 -0.07211383 
-0.5431403 1.484358 0.09143486 
-0.5742217 1.353127 0.0786538 
-0.5618944 1.494329 -0.05030444 
-0.5915475 1.360337 -0.07618481 
-0.6154351 1.221218 -0.09899914 
-0.5990207 1.217797 0.06575689 
-0.4607397 0.3662629 -0.1162425 
-0.4757282 0.3669119 -0.2561474 
-0.4306179 0.3066885 -0.2831153 
-0.4171097 0.3050925 -0.1554691 
-0.6204944 0.9341581 0.0455312 
-0.6103188 0.7902319 0.03295185 
-0.6367022 0.9358512 -0.1285127 
-0.62599 0.7918236 -0.1401717 
-0.4640744 1.720702 0.1027679 
-0.5067231 1.610271 0.1005778 
-0.4853858 1.726321 -0.006362939 
-0.5269545 1.619021 -0.02543659 
-0.6156736 1.077773 0.05527071 
-0.6319388 1.079604 -0.1159314 
-0.3674724 1.872393 0.08966624 
-0.4154396 1.806609 0.09679609 
-0.3876629 1.874318 0.01161209 
-0.4369521 1.809893 0.004089054 
-0.2187623 1.96727 0.1008549 
-0.2794251 1.955391 0.09200266 
-0.147506 1.967747 0.108413 
-0.1478492 1.969944 0.03229798 
-0.2228633 1.969574 0.03332802 
-0.28972 1.957438 0.03045261 
-0.07392041 1.966418 0.1112871 
-0.0733123 1.968475 0.0305746 
-0.325141 1.923318 0.08826332 
-0.3417037 1.924716 0.02169021 
-0.3347069 1.925238 -0.04375108 
-0.3417037 1.924716 0.02169021 
-0.2500698 0.2330126 -0.369759 
-0.3234963 0.2485419 -0.3815112 
-0.1644208 0.2196881 -0.3552662 
-0.1594443 0.2134091 -0.2519267 
-0.2508364 0.2275626 -0.2758117 
-0.3323743 0.2448571 -0.2918895 
-0.08082269 0.2082176 -0.3352585 
-0.07639404 0.2017512 -0.2275533 
-0.3227851 0.239648 -0.1971313 
-0.2451761 0.2241146 -0.179112 
-0.3323743 0.2448571 -0.2918895 
-0.2508364 0.2275626 -0.2758117 
-0.3746629 0.2698387 -0.3978973 
-0.388066 0.2684358 -0.2950744 
-1.410311e-10 1.925999 0.1765619 
-0.05908852 1.928857 0.1746395 
-0.1158675 1.939111 0.08708359 
-0.1158143 1.947407 0.005190644 
-0.1178185 1.935828 0.1692785 
-0.1174861 1.958963 -0.07629181 
-0.05892214 1.952982 -0.08124839 
8.764803e-12 1.9305 0.2442504 
-0.06031886 1.933325 0.2412972 
-1.866555e-12 1.948649 0.3097904 
-0.06193363 1.951222 0.3058266 
-0.123033 1.957509 0.2947782 
-0.1200832 1.940249 0.23307 
0 1.985916 0.3664214 
-0.06327882 1.98791 0.3616043 
0 2.023992 0.3980938 
-0.0638548 2.02538 0.3928171 
-0.1264554 2.028505 0.3781028 
-0.125452 1.992645 0.3481532 
0 2.131308 0.4373468 
0 2.198142 0.4415371 
-0.06413898 2.197018 0.4357478 
-0.06418633 2.131087 0.4315732 
0 2.268469 0.4333524 
-0.06407082 2.266502 0.4277253 
-0.1266592 2.261101 0.4121837 
-0.1268127 2.193752 0.4197536 
-0.1269432 2.130062 0.4155725 
0 2.337127 0.4116394 
-0.06403707 2.334484 0.4063669 
0 2.400145 0.3763212 
-0.06399126 2.397023 0.3715862 
-0.1264689 2.388133 0.3583682 
-0.1265784 2.327189 0.3917389 
0 2.454206 0.3278505 
-0.06387447 2.450804 0.3238197 
0 2.497434 0.2677204 
-0.06367972 2.493886 0.2645452 
-0.1257907 2.482765 0.255658 
-0.1262087 2.440641 0.3125318 
0 2.528522 0.1979015 
-0.06342932 2.524894 0.1957158 
0 2.547038 0.1212333 
-0.06321088 2.543372 0.1201443 
-0.1248156 2.531224 0.1171221 
-0.1252677 2.51312 0.1896227 
0 2.5526 0.04073193 
-0.06310996 2.548931 0.04081056 
0 2.544176 -0.04074801 
-0.06313865 2.540549 -0.03949767 
-0.1246547 2.528457 -0.0360757 
-0.1246041 2.536674 0.04100669 
0 2.520679 -0.1200338 
-0.06327826 2.517155 -0.1176755 
0 2.481466 -0.1925185 
-0.06346037 2.478124 -0.1891581 
-0.1252873 2.467335 -0.1798149 
-0.1249277 2.505533 -0.1111608 
0 2.426938 -0.2536986 
-0.0636156 2.423887 -0.2494748 
0 2.368506 -0.2965026 
-0.06371113 2.366 -0.2915575 
-0.1257954 2.358231 -0.2778642 
-0.1255971 2.414364 -0.2376875 
0 2.303195 -0.3278205 
-0.06375989 2.301402 -0.3223612 
0 2.233059 -0.3459148 
-0.06374153 2.232087 -0.3401694 
-0.1259257 2.228877 -0.3242792 
-0.1259149 2.295781 -0.3072777 
0 2.160714 -0.349505 
-0.06363026 2.160606 -0.3437381 
0 2.090569 -0.3314554 
-0.06326328 2.091289 -0.3259468 
-0.125214 2.093037 -0.3107142 
-0.1257922 2.159931 -0.3277337 
0 2.041612 -0.2974232 
-0.06265574 2.043017 -0.2924381 
0 2.003595 -0.2479505 
-0.06176704 2.0055 -0.2437157 
-0.1226234 2.010069 -0.2319374 
-0.1241827 2.046425 -0.2786269 
2.014706e-11 1.969802 -0.1678864 
-0.06031725 1.97211 -0.1648429 
-2.083958e-10 1.950478 -0.08305 
-0.1200257 1.97764 -0.1564269 
-0.2292212 1.961646 0.08113711 
-0.1731763 1.948164 0.08422261 
-0.1757431 1.945411 0.1611537 
-0.2320573 1.95971 0.1512248 
-0.2291031 1.968459 0.01126305 
-0.1730925 1.955854 0.007552733 
-0.1847882 2.463513 0.2419904 
-0.1854707 2.423713 0.2951385 
-0.2392246 2.436176 0.2243689 
-0.2401626 2.399732 0.27257 
-0.240826 2.35426 0.3114109 
-0.1859191 2.373985 0.3380237 
-0.1851039 2.223207 -0.3000246 
-0.1849753 2.286158 -0.2842812 
-0.2402679 2.215707 -0.2682422 
-0.2399113 2.273149 -0.2541819 
-0.2394624 2.326923 -0.2295767 
-0.1847373 2.345009 -0.2569469 
-0.1868568 2.128486 0.3911394 
-0.1869533 2.076018 0.3773371 
-0.1268929 2.074474 0.4011052 
-0.2425772 2.129793 0.3593234 
-0.2430321 2.081773 0.3468767 
-0.2429899 2.042135 0.3273661 
-0.1865618 2.032858 0.3556633 
-0.1839367 2.448316 -0.1654992 
-0.183401 2.484698 -0.1012528 
-0.238223 2.421705 -0.1468354 
-0.2374766 2.455358 -0.08840622 
-0.236931 2.475724 -0.02429654 
-0.1830008 2.506598 -0.03092633 
-0.1752486 1.966971 -0.06866693 
-0.1784589 1.985077 -0.1435012 
-0.2313982 1.978925 -0.05812143 
-0.2346902 1.996162 -0.1260998 
-0.2377716 2.025455 -0.1897321 
-0.1816347 2.016229 -0.2138079 
-0.182444 1.966313 0.2780229 
-0.1786798 1.949856 0.2206087 
-0.2392193 1.980258 0.2574008 
-0.2352481 1.9644 0.205346 
-0.1832658 2.509344 0.1125147 
-0.1839661 2.492212 0.1802948 
-0.237245 2.478363 0.1065963 
-0.2381445 2.462559 0.1683112 
-0.1845896 2.095455 -0.2874281 
-0.185102 2.158393 -0.3032074 
-0.2403269 2.09924 -0.2566857 
-0.2405348 2.15663 -0.2709553 
-0.3299482 2.012479 0.07492714 
-0.282634 1.982355 0.0783378 
-0.2853131 1.981505 0.1401194 
-0.3318324 2.012631 0.1267574 
-0.1861288 2.316049 0.3693107 
-0.2411947 2.301275 0.3397255 
-0.2415102 2.243712 0.3569989 
-0.1862891 2.2531 0.388438 
-0.1844112 2.398036 -0.2195477 
-0.2389285 2.37547 -0.1958084 
-0.1854186 1.999277 0.3276672 
-0.2420979 2.011075 0.3021409 
-0.182935 2.514476 0.04127148 
-0.236829 2.483079 0.04159961 
-0.1834642 2.051085 -0.2574598 
-0.2394326 2.058079 -0.2294247 
-0.3300853 2.016974 0.02322373 
-0.282515 1.988012 0.01671737 
-0.2871047 2.388779 -0.1240924 
-0.286124 2.41886 -0.07279868 
-0.3297603 2.351932 -0.09650312 
-0.3287521 2.377288 -0.05380954 
-0.3280393 2.392892 -0.00656527 
-0.285422 2.437212 -0.01628136 
-0.2918341 2.002265 0.2340704 
-0.2882939 1.986687 0.1881909 
-0.3365462 2.032507 0.2058971 
-0.3340162 2.018003 0.1674155 
-0.2889236 2.305125 -0.1961322 
-0.2881054 2.347823 -0.1668388 
-0.3317522 2.282224 -0.1561549 
-0.3308372 2.317727 -0.1319316 
-0.2942369 2.05969 0.2944269 
-0.2939681 2.031209 0.2728526 
-0.3374688 2.083293 0.2552985 
-0.3377253 2.058329 0.237821 
-0.2903216 2.207547 -0.2294259 
-0.2896633 2.257916 -0.2174089 
-0.3333799 2.201181 -0.1836385 
-0.3326006 2.24301 -0.1737481 
-0.2926642 2.136968 0.3207782 
-0.293657 2.095084 0.3107017 
-0.3352542 2.148007 0.2753175 
-0.3365027 2.113429 0.2679454 
-0.2911411 2.105586 -0.2188517 
-0.2909156 2.155803 -0.2314988 
-0.3346606 2.11661 -0.174436 
-0.334112 2.158226 -0.1851974 
-0.2898032 2.329175 0.2789837 
-0.2903726 2.283408 0.3032855 
-0.3319827 2.301908 0.2400761 
-0.3326168 2.264876 0.2598456 
-0.3332576 2.225604 0.271956 
-0.2909171 2.234192 0.3180866 
-0.289645 2.039856 -0.1599289 
-0.2907324 2.069051 -0.1947998 
-0.3345204 2.061532 -0.1246587 
-0.3348079 2.086057 -0.1540071 
-0.2878495 2.401469 0.2032262 
-0.2889521 2.369052 0.2453288 
-0.330106 2.362178 0.1775235 
-0.3311355 2.334869 0.2124298 
-0.2845827 1.997524 -0.04439453 
-0.2873303 2.013352 -0.1041494 
-0.3316966 2.02527 -0.02798498 
-0.3334283 2.038995 -0.07799901 
-0.2856726 2.439546 0.09947351 
-0.2866445 2.425204 0.1539477 
-0.3281792 2.39481 0.09065738 
-0.329026 2.382444 0.1363609 
-0.3942325 2.094297 0.06306212 
-0.3953151 2.09682 0.0377725 
-0.3684115 2.05577 0.02989831 
-0.3676549 2.052173 0.07002847 
-0.2852495 2.443849 0.04198004 
-0.3278333 2.398544 0.04233524 
-0.2916929 2.1843 0.3236063 
-0.2420004 2.185082 0.3631679 
-0.3341334 2.185994 0.2768856 
-0.1865681 2.188962 0.395337 
0 2.07268 0.4222743 
-0.06412707 2.073316 0.4166754 
-0.3695118 2.062693 -0.009777931 
-0.3699972 2.073481 -0.04859797 
-0.396022 2.101583 0.0127955 
-0.3957345 2.107446 -0.01195005 
-0.3948726 2.116934 -0.03553535 
-0.3697673 2.090934 -0.08484871 
-0.3641204 2.346531 0.08006459 
-0.3646028 2.337092 0.1153837 
-0.3910404 2.298247 0.06983007 
-0.3909839 2.292755 0.09467138 
-0.3914315 2.281144 0.1162612 
-0.365292 2.321366 0.1470353 
-0.3680855 2.052971 0.1102799 
-0.3934846 2.095043 0.08847176 
-0.3640606 2.345023 0.005050913 
-0.3638903 2.349536 0.04273048 
-0.3910232 2.29714 0.0178903 
-0.390747 2.301253 0.04386859 
-0.409508 2.133177 0.06009071 
-0.4102756 2.135031 0.04458256 
-0.3651842 2.313676 -0.06390698 
-0.3644963 2.333158 -0.0312725 
-0.391414 2.27586 -0.02960375 
-0.3909577 2.289972 -0.007637478 
-0.370043 2.069273 0.1713826 
-0.3688863 2.057595 0.1417431 
-0.3930382 2.106002 0.1338597 
-0.3928958 2.097499 0.1119358 
-0.366522 2.260502 -0.1099837 
-0.3658731 2.28778 -0.09124602 
-0.3918892 2.239445 -0.06199232 
-0.3914388 2.258982 -0.04948254 
-0.3702518 2.109339 0.2092388 
-0.370496 2.089483 0.1959483 
-0.3930835 2.134307 0.1614898 
-0.3929129 2.119844 0.1529308 
-0.3676151 2.198319 -0.1317105 
-0.367065 2.230486 -0.1239277 
-0.392226 2.19638 -0.07795062 
-0.391852 2.219064 -0.07308812 
-0.3673508 2.218427 0.2199586 
-0.3679114 2.188702 0.2244069 
-0.3921478 2.210998 0.1677961 
-0.3921221 2.190406 0.1723683 
-0.392598 2.170071 0.1712741 
-0.3686942 2.159836 0.2236964 
-0.3686915 2.133306 -0.1246147 
-0.3680926 2.165256 -0.1332408 
-0.3928356 2.151248 -0.0730836 
-0.3921999 2.17329 -0.0802897 
-0.3664812 2.275574 0.1950843 
-0.3668819 2.247855 0.2104932 
-0.3918388 2.250097 0.149773 
-0.3917656 2.231625 0.1616993 
-0.369524 2.133007 0.2187378 
-0.3926485 2.150783 0.1690425 
-0.3692402 2.109709 -0.1082901 
-0.3936404 2.130642 -0.0577624 
-0.3659069 2.300612 0.1739443 
-0.3914232 2.267793 0.1356598 
-0.4068317 2.161921 -0.02477527 
-0.4065763 2.176246 -0.03058632 
-0.4184784 2.185209 0.05234927 
-0.406253 2.191523 -0.03295672 
-0.4062312 2.227508 0.1131313 
-0.4062631 2.215625 0.1202971 
-0.4062861 2.202901 0.1250607 
-0.4084964 2.14034 -0.001784998 
-0.4076177 2.14996 -0.01433152 
-0.4061608 2.246829 0.09161483 
-0.4061956 2.238066 0.1035288 
-0.4103372 2.13597 0.02897064 
-0.4096636 2.136632 0.013365 
-0.4061022 2.257326 0.06234429 
-0.4061285 2.253368 0.07771397 
-0.4082578 2.131546 0.07559316 
-0.4061002 2.256488 0.02980775 
-0.4060902 2.258424 0.04615029 
-0.4063516 2.177011 0.1277458 
-0.4063955 2.164956 0.1257851 
-0.4063777 2.154143 0.1217 
-0.4061689 2.243371 -8.436095e-06 
-0.406128 2.251456 0.0140985 
-0.4063625 2.135993 0.104163 
-0.4070618 2.131784 0.09014242 
-0.406256 2.219742 -0.02068209 
-0.4062252 2.232345 -0.01172516 
-0.4062951 2.145015 0.1155791 
-0.4062177 2.206233 -0.02820096 
-0.406309 2.189845 0.1275202 
-0.2793589 0.2054316 -0.0216272 
-0.2771727 0.3899032 -0.0216272 
-0.3156236 0.3899032 -0.1464508 
-0.3178098 0.2054316 -0.1464508 
-0.3357632 0.2054316 -0.1118784 
-0.333577 0.3899032 -0.1118784 
-0.1904839 0.2054316 -0.1173384 
-0.2114478 0.2054316 -0.1501728 
-0.2092615 0.3899032 -0.1501728 
-0.1882977 0.3899032 -0.1173384 
-0.2457428 0.2054316 -0.1686504 
-0.2471043 0.1243583 -0.1686504 
-0.2860216 0.1243583 -0.1669124 
-0.2846601 0.2054316 -0.1669124 
-0.2490993 0.05139996 -0.1713104 
-0.2569547 0.04710434 -0.2076543 
-0.3264511 0.04710434 -0.2026751 
-0.2899337 0.05141986 -0.169197 
-0.3191713 0.1243583 -0.1464508 
-0.3231551 0.05314312 -0.1471549 
-0.3416859 0.0531469 -0.1105978 
-0.3371248 0.1243583 -0.1118784 
-0.2807204 0.1243583 -0.0216272 
-0.2418032 0.1243583 -0.02336523 
-0.2404416 0.2054316 -0.02336524 
-0.2835421 0.05161792 -0.01623728 
-0.3044568 0.05045974 0.06524653 
-0.2427003 0.05156507 -0.01820873 
-0.2086535 0.1243583 -0.04382681 
-0.2087014 0.05317478 -0.04124348 
-0.1901706 0.05314801 -0.07780053 
-0.1907001 0.1243583 -0.07839919 
-0.2072919 0.2054316 -0.04382681 
-0.1893385 0.2054316 -0.07839919 
-0.2080053 0.05147605 -0.03985876 
-0.1446138 0.04718584 -0.0628866 
-0.1890921 0.05142361 -0.077438 
-0.1905147 0.05143092 -0.119287 
-0.1485265 0.04710434 -0.1490302 
-0.1910522 0.04710434 -0.1942663 
-0.2127828 0.05142667 -0.1529245 
-0.1918455 0.1243583 -0.1173384 
-0.324464 0.05143282 -0.1475015 
-0.3840028 0.04710434 -0.1636542 
-0.4170318 0.04718584 -0.07969297 
-0.3432765 0.05143946 -0.1099585 
-0.3418707 0.05148822 -0.06833689 
-0.4165537 0.04786397 0.008533764 
-0.37076 0.04954233 0.05224724 
-0.3196689 0.05157063 -0.03467045 
-0.3359793 0.1243583 -0.07293919 
-0.5873301 0.03644918 0.3945298 
-0.6039358 -0.01608573 0.3944676 
-0.6285219 -0.01607221 0.5151636 
-0.6116837 0.03698726 0.5152557 
-0.6039358 -0.01608573 0.3944676 
-0.5695901 -0.0618127 0.3943159 
-0.5937099 -0.0618127 0.5149439 
-0.6285219 -0.01607221 0.5151636 
-0.5970199 -0.0618127 0.6234146 
-0.6290786 -0.01607336 0.6236449 
-0.6290786 -0.01607336 0.6236449 
-0.6135623 0.03694141 0.6237428 
-0.3196689 0.05157063 -0.03467045 
-0.3265988 0.05317339 0.1614693 
-0.2293107 0.05097896 0.1574419 
-0.1326851 0.03854958 0.1177017 
-0.2428498 0.05323218 -0.02002235 
-0.3432765 0.05143946 -0.1099585 
-0.3418707 0.05148822 -0.06833689 
-0.1033362 0.03462781 -0.04734256 
-0.1116435 0.03453171 -0.1751189 
-0.1914027 0.05314403 -0.1186355 
-0.1905147 0.05143092 -0.119287 
-0.4361493 0.03453171 -0.177816 
-0.4847025 0.03462781 -0.0503922 
-0.5092892 0.03854958 0.1158746 
-0.3416859 0.0531469 -0.1105978 
-0.3404538 0.0531733 -0.0697628 
-0.3485518 0.05703224 0.2732753 
-0.2368116 0.05345772 0.2720802 
-0.3703512 0.06154491 0.3944396 
-0.2512484 0.05655248 0.3936098 
-0.1531674 0.03644918 0.3926293 
-0.1432134 0.03589255 0.2683737 
-0.3244266 -0.05099479 0.7497915 
-0.2786637 -0.05995963 0.7051929 
-0.2550768 -0.01578422 0.7062321 
-0.3236876 -0.01486639 0.7599691 
-0.2247272 -0.0618127 0.6207965 
-0.1926747 -0.01607336 0.6205758 
-0.2550768 -0.01578422 0.7062321 
-0.1926747 -0.01607336 0.6205758 
-0.2081999 0.03694141 0.620892 
-0.2676086 0.03574263 0.707172 
-0.3236876 -0.01486639 0.7599691 
-0.3236119 0.02883302 0.7575061 
-0.115428 -0.01604779 0.1235032 
-0.09829846 -0.01576313 -0.04289629 
-0.115428 -0.01604779 0.1235032 
-0.1460824 -0.0618127 0.123594 
-0.1276014 -0.05995963 -0.03965713 
-0.09829846 -0.01576313 -0.04289629 
-0.1256471 -0.05099479 -0.1480163 
-0.10734 -0.01473158 -0.1752171 
-0.10734 -0.01473158 -0.1752171 
-0.1365261 -0.01608573 0.3924215 
-0.1272234 -0.01608431 0.2675198 
-0.1365261 -0.01608573 0.3924215 
-0.1708467 -0.0618127 0.3925704 
-0.159669 -0.0618127 0.2676113 
-0.1272234 -0.01608431 0.2675198 
-0.2638406 0.03453171 -0.2397622 
-0.2666367 -0.0161339 -0.23859 
-0.3662496 -0.01578332 -0.2306602 
-0.3585098 0.03453171 -0.232115 
-0.2666367 -0.0161339 -0.23859 
-0.2756222 -0.06181269 -0.1810185 
-0.3733477 -0.05995963 -0.1753653 
-0.3662496 -0.01578332 -0.2306602 
-0.4358217 -0.05099479 -0.1480163 
-0.4455691 -0.01473158 -0.1752849 
-0.4455691 -0.01473158 -0.1752849 
-0.4376995 0.03658871 0.7739893 
-0.4395358 -0.01608222 0.7842131 
-0.3840253 -0.01578533 0.7811552 
-0.3772309 0.03569854 0.7712513 
-0.4395358 -0.01608222 0.7842131 
-0.4357433 -0.06181269 0.7627112 
-0.3724766 -0.05995963 0.7603784 
-0.3840253 -0.01578533 0.7811552 
-0.171919 0.03453171 -0.2305642 
-0.1694901 -0.01578332 -0.2306212 
-0.1694901 -0.01578332 -0.2306212 
-0.1796481 -0.05995963 -0.1753653 
-0.4108632 -0.08344854 0.6221073 
-0.3038329 -0.08074405 0.6213538 
-0.3412317 -0.07813974 0.7067847 
-0.4260264 -0.08074404 0.7076857 
-0.4109067 0.06508695 0.6236342 
-0.4265209 0.05756353 0.7114213 
-0.3396724 0.05372214 0.7101185 
-0.2997296 0.059 0.6223799 
-0.5728207 -0.05995963 0.7069415 
-0.5968208 -0.01578422 0.7082465 
-0.5426555 -0.05099479 0.7506642 
-0.5469603 -0.01486639 0.7607031 
-0.5968208 -0.01578422 0.7082465 
-0.5469603 -0.01486639 0.7607031 
-0.5461599 0.02883302 0.7582818 
-0.584548 0.03574263 0.709031 
-0.4972688 0.03569854 0.7715144 
-0.4939905 -0.01578533 0.7812837 
-0.4939905 -0.01578533 0.7812837 
-0.4982555 -0.05995963 0.7607671 
-0.3237539 -0.08344853 0.1237412 
-0.2215907 -0.08074406 0.1236569 
-0.2397362 -0.08074407 0.2678076 
-0.3480763 -0.08344854 0.2680708 
-0.2555537 -0.08074406 0.3929456 
-0.3701768 -0.08344854 0.39345 
-0.1982308 -0.07813974 -0.04285782 
-0.2969752 -0.08074405 -0.04391681 
-0.2753853 -0.08074406 0.512971 
-0.3915811 -0.08344854 0.5136943 
-0.1895119 -0.0618127 0.5124347 
-0.3917063 0.0654169 0.5151413 
-0.270985 0.059228 0.5139429 
-0.1715818 0.03698726 0.5125237 
-0.5123749 0.059228 0.5154414 
-0.4893805 0.05655249 0.3946522 
-0.5220653 0.05899999 0.6239434 
-0.4848312 -0.08074407 0.3939492 
-0.5077993 -0.08074407 0.5144138 
-0.5179012 -0.08074405 0.6228594 
-0.396052 -0.07813974 -0.04283692 
-0.467677 -0.05995963 -0.03962078 
-0.4259249 -0.08074405 0.1238242 
-0.5014462 -0.0618127 0.1238849 
-0.4564389 -0.08074407 0.2683303 
-0.5365434 -0.0618127 0.2685205 
-0.1547181 -0.01607221 0.5122223 
-0.1547181 -0.01607221 0.5122223 
-0.5131881 0.05372214 0.7111143 
-0.4958614 -0.01576312 -0.04292758 
-0.4958614 -0.01576312 -0.04292758 
-0.5320139 -0.01604779 0.1237993 
-0.5320139 -0.01604779 0.1237993 
-0.5106794 -0.07813973 0.7077773 
-0.5530785 0.03589255 0.2692715 
-0.4600643 0.05345773 0.2723727 
-0.4225709 0.05097897 0.1552188 
-0.2890067 0.05314348 -0.1683761 
-0.3150156 0.1243583 -0.04010485 
-0.2830186 0.05326662 -0.0181517 
-0.2428498 0.05323218 -0.02002235 
-0.2128093 0.1243583 -0.1501728 
-0.3186074 0.0532312 -0.03642095 
-0.2830186 0.05326662 -0.0181517 
-0.2488377 0.05314385 -0.1702468 
-0.2890067 0.05314348 -0.1683761 
-0.2471043 0.1243583 -0.1686504 
-0.2457428 0.2054316 -0.1686504 
-0.213249 0.05314391 -0.1519774 
-0.2435566 0.3899032 -0.1686504 
-0.2435566 0.3899032 -0.1686504 
-0.2824739 0.3899032 -0.1669124 
-0.2382554 0.3899032 -0.02336522 
-0.2051058 0.3899032 -0.04382679 
-0.1871523 0.3899032 -0.07839917 
-0.3186074 0.0532312 -0.03642095 
-0.213249 0.05314391 -0.1519774 
-0.2488377 0.05314385 -0.1702468 
-0.5689897 -0.01608431 0.2685776 
-0.5689897 -0.01608431 0.2685776 
-0.388066 0.2684358 -0.2950744 
-0.3755503 0.2641914 -0.1858951 
-0.5490366 1.761088 -0.05213282 
-0.5473275 1.760536 -0.1603926 
-0.64303 1.631338 -0.2059924 
-0.6457273 1.63189 -0.0824923 
-0.5415772 1.756668 -0.2403177 
-0.6365494 1.62747 -0.2971822 
-0.7162207 1.496444 -0.3325474 
-0.7232412 1.500312 -0.2343606 
-0.7266688 1.500864 -0.101394 
-0.3133396 1.94632 0.01397855 
-0.3132902 1.945768 -0.06080157 
-0.4395444 1.866412 -0.1054736 
-0.4402727 1.866965 -0.01563217 
-0.3095146 1.9419 -0.1159809 
-0.4346126 1.862545 -0.1717853 
-0.7888587 1.386846 -0.1067028 
-0.7911538 1.386293 0.02899574 
-0.7286631 1.500312 0.03160229 
-0.8417639 1.279741 -0.1012949 
-0.8441024 1.279188 0.03183507 
-0.841343 1.275321 0.1303282 
-0.7883632 1.382426 0.1293875 
-0.7256501 1.496444 0.1299968 
-0.8950589 1.162733 0.1322829 
-0.8838019 1.153352 0.1713366 
-0.8304189 1.266193 0.1707816 
-0.9497274 1.051982 0.1343792 
-0.9381104 1.042322 0.1719281 
-0.9256749 1.042373 -0.3250982 
-0.8713652 1.153388 -0.3496905 
-0.8383474 1.127935 -0.3490482 
-0.8933715 1.017471 -0.3244851 
-0.9058065 1.01742 0.1725401 
-0.8507838 1.127899 0.1719781 
-0.8838019 1.153352 0.1713366 
-0.9381104 1.042322 0.1719281 
-1.052686 0.8702723 0.1366271 
-1.100161 0.800566 0.1369862 
-1.088099 0.7905353 0.1726558 
-1.040685 0.860294 0.1725561 
-1.161576 0.7305163 0.1376473 
-1.149398 0.7203941 0.172839 
-0.7967433 1.240233 0.1714498 
-0.8304189 1.266193 0.1707816 
-1.149398 0.7203941 0.172839 
-1.118226 0.6963652 0.1734048 
-1.056696 0.7663283 0.1732315 
-1.088099 0.7905353 0.1726558 
-1.161996 0.7349373 -0.05737985 
-1.245795 0.6552559 -0.04849167 
-1.247555 0.6552263 0.05876268 
-1.164334 0.7343842 0.05470735 
-1.314983 0.5869209 -0.0394339 
-1.314373 0.5891984 0.06178449 
-1.298776 0.6002169 0.1226726 
-1.24316 0.6530198 0.1360798 
-1.15095 0.7305179 -0.2521696 
-1.232717 0.65302 -0.2334163 
-1.24148 0.6552264 -0.1558627 
-1.158224 0.7343851 -0.1694374 
-1.289213 0.6002169 -0.2059053 
-1.308402 0.5891985 -0.1414 
-0.9843035 0.8216573 -0.06207699 
-0.988077 0.8222064 0.05291393 
-1.035552 0.7525005 0.0540361 
-1.03178 0.7519497 -0.05992222 
-0.9953522 0.826073 0.1378142 
-1.042827 0.7563668 0.1381732 
-1.104242 0.686317 0.1388344 
-1.096967 0.6824503 0.05610212 
-1.093196 0.6818981 -0.05595539 
-1.089532 0.8005711 -0.2594422 
-1.075664 0.7906091 -0.2945004 
-1.136966 0.7204698 -0.2867401 
-1.042055 0.8702829 -0.2633933 
-1.028248 0.8603669 -0.2987158 
-1.028248 0.8603669 -0.2987158 
-0.9967207 0.8360636 -0.2981348 
-1.044261 0.7664022 -0.2939247 
-1.075664 0.7906091 -0.2945004 
-0.7778874 1.382426 -0.3425558 
-0.7851303 1.386294 -0.2423717 
-0.8307162 1.275325 -0.3326813 
-0.8379914 1.279191 -0.2343955 
-0.3076091 1.9419 0.1441754 
-0.3121946 1.945768 0.08878834 
-0.4395975 1.866412 0.07423897 
-0.4347049 1.862545 0.1407584 
-0.5493122 1.760536 0.05615659 
-0.5450291 1.756668 0.1362895 
-0.6469912 1.631338 0.04103749 
-0.6434384 1.62747 0.132435 
-0.480236 1.708049 -0.05070836 
-0.5769268 1.578851 -0.08106785 
-0.5756629 1.579404 -0.2045977 
-0.4799603 1.708602 -0.1589978 
-0.6578683 1.447825 -0.09996954 
-0.655874 1.448378 -0.2329658 
-0.658887 1.452245 -0.3313603 
-0.5792157 1.583271 -0.2959952 
-0.4842435 1.712469 -0.2391307 
-0.2560059 1.893281 0.015403 
-0.3729055 1.813926 -0.01420772 
-0.3735807 1.814478 -0.1040789 
-0.2571509 1.893834 -0.05940679 
-0.3784733 1.818346 -0.1705983 
-0.2617364 1.897701 -0.1147939 
-0.661296 1.448378 0.03299706 
-0.7237867 1.334359 0.03039052 
-0.7200583 1.333807 -0.1052783 
-0.6683163 1.452245 0.1311838 
-0.7310293 1.338227 0.1305746 
-0.7840093 1.231122 0.1315153 
-0.7767353 1.227254 0.03322985 
-0.7729632 1.226702 -0.09987046 
-1.009158 0.8359906 0.1731368 
-0.8304518 1.114664 0.03933807 
-0.8266786 1.114115 -0.08814311 
-0.837725 1.118534 0.1334699 
-0.8923936 1.007783 0.1355662 
-0.8851207 1.003912 0.04588896 
-0.8813463 1.003366 -0.07556565 
-1.181568 0.6043562 0.06012889 
-1.178428 0.6033219 -0.04709689 
-1.186808 0.6095777 0.1372465 
-1.247175 0.5604376 0.1237409 
-1.258022 0.5457563 0.0629512 
-1.257649 0.5427216 -0.03824685 
-1.093616 0.6863187 -0.2509825 
-1.090857 0.6824511 -0.1680426 
-1.175493 0.6043564 -0.1544965 
-1.176365 0.6095779 -0.2322496 
-1.25205 0.5457563 -0.1402333 
-1.237613 0.5604377 -0.204837 
-0.7733822 1.231126 -0.3314943 
-0.7706242 1.227257 -0.2330008 
-0.8243372 1.114675 -0.2156549 
-0.8270943 1.118546 -0.3099954 
-0.8790035 1.003928 -0.1970512 
-0.8817595 1.007802 -0.2869375 
-0.9847208 0.8260837 -0.2622062 
-1.032199 0.7563718 -0.2582552 
-1.105794 0.6964408 -0.2861742 
-0.7177631 1.33436 -0.2409769 
-0.7205537 1.338227 -0.3413687 
-0.2598309 1.897701 0.1453625 
-0.3785656 1.818345 0.1419454 
-0.3736337 1.814478 0.07563375 
-0.2560552 1.893833 0.09018312 
-0.4876953 1.712469 0.1374765 
-0.4819451 1.708602 0.05755137 
-0.5861047 1.583271 0.1336221 
-0.5796241 1.579404 0.04243226 
-0.7653112 1.37343 -0.3831431 
-0.7035621 1.487317 -0.3724647 
-0.6699036 1.461369 -0.3717638 
-0.7313378 1.34724 -0.3824588 
-0.9469175 0.9191659 -0.307331 
-0.9787169 0.9436791 -0.3079231 
-0.7843053 1.240257 -0.3719473 
-0.6235148 1.617889 -0.3347327 
-0.5278639 1.746337 -0.2740247 
-0.4971651 1.722669 -0.2732506 
-0.5909721 1.592801 -0.3340004 
-0.8179808 1.266217 -0.3726157 
-1.332552 0.5520357 0.0659671 
-1.334064 0.5487216 -0.03513142 
-1.29758 0.5246535 -0.03473634 
-1.296919 0.5285015 0.06635427 
-1.274638 0.5555446 0.13988 
-0.7775789 1.373414 0.1704777 
-0.7436056 1.347224 0.1711619 
-1.302465 0.5750889 0.1405273 
-0.680975 1.461372 0.1711012 
-0.1390503 1.961414 0.1682693 
-0.152982 1.983825 0.1673937 
-0.7146334 1.48732 0.1704002 
-0.152982 1.983825 0.1673937 
-0.1597829 1.994525 0.1452724 
-0.2952066 1.930593 0.1689842 
-1.220282 0.6411655 -0.2656273 
-1.136966 0.7204698 -0.2867401 
-1.190444 0.618172 -0.2648798 
-0.2722512 1.909359 0.1698416 
-0.2952066 1.930593 0.1689842 
-1.264988 0.5556341 -0.2178138 
-1.326476 0.5520326 -0.1372526 
-1.291713 0.5741454 -0.2193692 
-1.290895 0.5285065 -0.1368614 
-1.232584 0.6411661 0.1692773 
-1.202507 0.6180142 0.1695952 
-0.9819632 0.8222139 -0.1770979 
-1.02944 0.7525035 -0.1739102 
-0.631682 1.61794 0.1704403 
-0.5991393 1.592852 0.1711725 
-0.5014086 1.7228 0.1711835 
-0.13038 1.945906 0.02753404 
-0.1302538 1.946458 0.09596959 
-0.1323105 1.950326 0.1464595 
-0.4203573 1.851328 -0.2006911 
-0.392405 1.829321 -0.1998718 
-0.5321075 1.746468 0.1704095 
-0.4207731 1.851569 0.1700319 
-0.392821 1.829562 0.1708513 
-0.8954791 1.167154 -0.08956757 
-0.897819 1.166598 0.03794329 
-0.9501468 1.056405 -0.07699011 
-0.9524878 1.055846 0.04449417 
-0.4207731 1.851569 0.1700319 
-0.5321075 1.746468 0.1704095 
-1.096807 0.8044376 -0.1753051 
-1.04933 0.8741481 -0.1784927 
-1.10058 0.8049887 -0.06134667 
-1.053104 0.8746964 -0.06350143 
-0.4203573 1.851328 -0.2006911 
-0.5278639 1.746337 -0.2740247 
-0.2970943 1.930242 -0.14046 
-0.9390932 1.052001 -0.2881246 
-0.884428 1.162746 -0.3111825 
-0.8713652 1.153388 -0.3496905 
-0.9256749 1.042373 -0.3250982 
-0.8179808 1.266217 -0.3726157 
-0.1614165 1.994525 -0.09281585 
-0.1546766 1.983437 -0.1146256 
-0.631682 1.61794 0.1704403 
-0.7146334 1.48732 0.1704002 
-0.8917045 1.166609 -0.2170497 
-0.9463706 1.055862 -0.198446 
-1.232584 0.6411661 0.1692773 
-1.302465 0.5750889 0.1405273 
-1.326476 0.5520326 -0.1372526 
-1.334064 0.5487216 -0.03513142 
-1.291713 0.5741454 -0.2193692 
-1.220282 0.6411655 -0.2656273 
-0.7775789 1.373414 0.1704777 
-1.332552 0.5520357 0.0659671 
-0.6235148 1.617889 -0.3347327 
-0.7035621 1.487317 -0.3724647 
-0.7653112 1.37343 -0.3831431 
-1.003439 0.9579018 -0.06820832 
-1.00578 0.9573439 0.04906788 
-1.055444 0.8741404 0.05151914 
-1.003021 0.953478 0.1358427 
-0.992387 0.9534949 -0.2720238 
-0.9996639 0.9573576 -0.1854558 
-0.9346388 0.9048628 -0.06678387 
-0.938413 0.9054098 0.05046266 
-0.9456871 0.9092788 0.1370298 
-0.9350532 0.9092957 -0.2708368 
-0.9322966 0.9054235 -0.184061 
-0.9911531 0.9436142 0.1723379 
-1.040685 0.860294 0.1725561 
-0.9593536 0.9191008 0.1729293 
-0.9787169 0.9436791 -0.3079231 
-0.9911531 0.9436142 0.1723379 
-1.102919 0.8044345 0.05264131 
-0.1633469 1.998945 0.02610958 
-0.1634732 1.998393 -0.04232595 
-0.1339441 1.950326 -0.0916288 
-0.1625339 1.998393 0.09457481 
-0.1311931 1.946459 -0.04093118 
0 2.08692 0.6363306 
0 2.064088 0.6061711 
0.04610066 2.071432 0.608979 
0.03168846 2.092456 0.6378646 
0 2.118448 0.6565322 
0.0130714 2.120108 0.6565763 
0 2.033213 0.4230444 
0 2.039011 0.3855011 
0.06679166 2.048165 0.3857228 
0.06778872 2.042455 0.4239995 
0 2.140166 0.6607347 
0 2.033525 0.4603312 
0.06705442 2.042455 0.4621153 
0 2.035358 0.4981662 
0.06686553 2.044013 0.5006218 
0 2.038706 0.5356041 
0.0633738 2.047184 0.538591 
0 2.048536 0.5719519 
0.05645098 2.056681 0.5751386 
0.1016461 2.078433 0.5818577 
0.08163493 2.0901 0.6144667 
0.05554292 2.105748 0.6405945 
0.02437957 2.124837 0.6567019 
0.1236417 2.074234 0.3863542 
0.1255461 2.06882 0.4262623 
0.1280643 2.067909 0.4662309 
0.1242339 2.068474 0.5061973 
0.1156726 2.070623 0.5451852 
0.1687816 2.106035 0.4703707 
0.161991 2.104659 0.5115966 
0.1491634 2.104309 0.5512671 
0.1295769 2.108423 0.5876522 
0.1028334 2.114534 0.618793 
0.06970576 2.122496 0.6426011 
0.03193545 2.131915 0.6568899 
0.1616276 2.113247 0.3872992 
0.1641876 2.108371 0.4286952 
0.1098277 2.141228 0.6207505 
0.07441302 2.140622 0.6435829 
0.03458872 2.140263 0.6571116 
0.1749665 2.147495 0.3884139 
0.1777671 2.146273 0.4304038 
0.1830636 2.145154 0.47279 
0.1751013 2.14405 0.5144439 
0.1605898 2.142994 0.5542526 
0.1389206 2.142036 0.5903478 
0.1751013 2.14405 0.5144439 
0.1830636 2.145154 0.47279 
0.1687816 2.190224 0.4727631 
0.161991 2.186475 0.5138477 
0.1605898 2.142994 0.5542526 
0.1491634 2.181785 0.5533248 
0.1389206 2.142036 0.5903478 
0.1295769 2.175745 0.5894402 
0.1098277 2.141228 0.6207505 
0.1028334 2.167989 0.6202127 
0.07441302 2.140622 0.6435829 
0.06970575 2.158775 0.6435647 
0.03458872 2.140263 0.6571116 
0.03193545 2.148611 0.6573333 
0.1777671 2.146273 0.4304038 
0.1749665 2.147495 0.3884139 
0.1616276 2.193516 0.3895285 
0.1641876 2.193037 0.4309597 
0 2.140166 0.6607347 
0.08163491 2.192618 0.6171893 
0.0555429 2.175606 0.6424499 
0.02437957 2.155688 0.6575213 
0.1236416 2.232529 0.3904735 
0.1255461 2.232673 0.430445 
0.1280643 2.228516 0.4706528 
0.1242339 2.222896 0.5103768 
0.1156725 2.215745 0.5490395 
0.1016461 2.205999 0.5852457 
0.06686549 2.247619 0.5061074 
0.06337376 2.239501 0.5436987 
0.05645094 2.228078 0.5796908 
0.04610062 2.211551 0.6127004 
0.03168843 2.189023 0.6404294 
0.01307139 2.160417 0.6576468 
0.06679162 2.258598 0.3911049 
0.06778871 2.259133 0.4294616 
0.06705441 2.254153 0.4678942 
0 2.194633 0.6391913 
0 2.162077 0.6576909 
0 2.267752 0.3913266 
0 2.268417 0.4289553 
0 2.263165 0.4665866 
0 2.256391 0.5041147 
0 2.248126 0.5411661 
0 2.236381 0.5769409 
0 2.219034 0.6102863 
-0.03168846 2.092456 0.6378646 
-0.04610066 2.071432 0.608979 
-0.0130714 2.120108 0.6565763 
-0.06778872 2.042455 0.4239995 
-0.06679166 2.048165 0.3857228 
-0.06705442 2.042455 0.4621153 
-0.06686553 2.044013 0.5006218 
-0.0633738 2.047184 0.538591 
-0.05645098 2.056681 0.5751386 
-0.08163493 2.0901 0.6144667 
-0.1016461 2.078433 0.5818577 
-0.05554292 2.105748 0.6405945 
-0.02437957 2.124837 0.6567019 
-0.1255461 2.06882 0.4262623 
-0.1236417 2.074234 0.3863542 
-0.1280643 2.067909 0.4662309 
-0.1242339 2.068474 0.5061973 
-0.1156726 2.070623 0.5451852 
-0.161991 2.104659 0.5115966 
-0.1687816 2.106035 0.4703707 
-0.1491634 2.104309 0.5512671 
-0.1295769 2.108423 0.5876522 
-0.1028334 2.114534 0.618793 
-0.06970576 2.122496 0.6426011 
-0.03193545 2.131915 0.6568899 
-0.1641876 2.108371 0.4286952 
-0.1616276 2.113247 0.3872992 
-0.07441302 2.140622 0.6435829 
-0.1098277 2.141228 0.6207505 
-0.03458872 2.140263 0.6571116 
-0.1777671 2.146273 0.4304038 
-0.1749665 2.147495 0.3884139 
-0.1830636 2.145154 0.47279 
-0.1751013 2.14405 0.5144439 
-0.1605898 2.142994 0.5542526 
-0.1389206 2.142036 0.5903478 
-0.1751013 2.14405 0.5144439 
-0.161991 2.186475 0.5138477 
-0.1687816 2.190224 0.4727631 
-0.1830636 2.145154 0.47279 
-0.1605898 2.142994 0.5542526 
-0.1491634 2.181785 0.5533248 
-0.1389206 2.142036 0.5903478 
-0.1295769 2.175745 0.5894402 
-0.1098277 2.141228 0.6207505 
-0.1028334 2.167989 0.6202127 
-0.07441302 2.140622 0.6435829 
-0.06970575 2.158775 0.6435647 
-0.03458872 2.140263 0.6571116 
-0.03193545 2.148611 0.6573333 
-0.1777671 2.146273 0.4304038 
-0.1641876 2.193037 0.4309597 
-0.1616276 2.193516 0.3895285 
-0.1749665 2.147495 0.3884139 
-0.0555429 2.175606 0.6424499 
-0.08163491 2.192618 0.6171893 
-0.02437957 2.155688 0.6575213 
-0.1255461 2.232673 0.430445 
-0.1236416 2.232529 0.3904735 
-0.1280643 2.228516 0.4706528 
-0.1242339 2.222896 0.5103768 
-0.1156725 2.215745 0.5490395 
-0.1016461 2.205999 0.5852457 
-0.06337376 2.239501 0.5436987 
-0.06686549 2.247619 0.5061074 
-0.05645094 2.228078 0.5796908 
-0.04610062 2.211551 0.6127004 
-0.03168843 2.189023 0.6404294 
-0.01307139 2.160417 0.6576468 
-0.06778871 2.259133 0.4294616 
-0.06679162 2.258598 0.3911049 
-0.06705441 2.254153 0.4678942 
0.324464 0.05143281 -0.1475015 
0.2899337 0.05141986 -0.169197 
0.2899337 0.05141986 -0.169197 
0.2490993 0.05139996 -0.1713104 
0.2080053 0.05147605 -0.03985876 
0.2427004 0.05156506 -0.01820873 
0.2835421 0.05161792 -0.01623728 
0.1905147 0.05143091 -0.119287 
0.1890922 0.05142361 -0.07743801 
0.1890922 0.05142361 -0.07743801 
0.2080053 0.05147605 -0.03985876 
0.1901706 0.05314801 -0.07780053 
0.3418707 0.05148822 -0.06833689 
0.3432765 0.05143946 -0.1099585 
0.3432765 0.05143946 -0.1099585 
0.324464 0.05143281 -0.1475015 
0.2835421 0.05161792 -0.01623728 
0.3196689 0.05157063 -0.03467045 
0.3196689 0.05157063 -0.03467045 
0.3418707 0.05148822 -0.06833689 
0.2490993 0.05139996 -0.1713104 
0.2127828 0.05142667 -0.1529245 
0.1905147 0.05143091 -0.119287 
-0.2490993 0.05139996 -0.1713104 
-0.2899337 0.05141986 -0.169197 
-0.2899337 0.05141986 -0.169197 
-0.324464 0.05143282 -0.1475015 
-0.2835421 0.05161792 -0.01623728 
-0.2427003 0.05156507 -0.01820873 
-0.2427003 0.05156507 -0.01820873 
-0.2080053 0.05147605 -0.03985876 
-0.2080053 0.05147605 -0.03985876 
-0.1890921 0.05142361 -0.077438 
-0.1905147 0.05143092 -0.119287 
-0.324464 0.05143282 -0.1475015 
-0.3432765 0.05143946 -0.1099585 
-0.3432765 0.05143946 -0.1099585 
-0.3418707 0.05148822 -0.06833689 
-0.3418707 0.05148822 -0.06833689 
-0.3196689 0.05157063 -0.03467045 
-0.3196689 0.05157063 -0.03467045 
-0.2835421 0.05161792 -0.01623728 
-0.1905147 0.05143092 -0.119287 
-0.2127828 0.05142667 -0.1529245 
-0.2127828 0.05142667 -0.1529245 
-0.2490993 0.05139996 -0.1713104 
3 580 577 579 
3 580 581 583 
3 580 584 578 
3 580 586 582 
3 580 588 585 
3 580 590 587 
3 580 536 535 
3 580 535 589 
3 580 593 591 
3 580 592 536 
3 580 599 601 
3 580 602 594 
3 580 604 592 
3 580 606 603 
3 580 608 605 
3 580 609 607 
3 580 610 600 
3 1656 1655 1654 
3 1656 1659 1658 
3 1656 1662 1661 
3 1656 1664 1663 
3 1656 1666 1665 
3 1656 1668 1667 
3 1656 1613 1612 
3 1656 1665 1613 
3 1656 1671 1670 
3 1656 1612 1669 
3 1656 1673 1672 
3 1656 1676 1675 
3 1656 1678 1677 
3 1656 1680 1679 
3 1656 1681 1674 
3 1656 1682 1657 
3 1656 1683 1660 
3 2172 2166 2167 
3 2172 2167 2184 
3 2172 2184 2196 
3 2172 2196 2201 
3 2226 2220 2221 
3 2226 2221 2229 
3 2226 2229 2241 
3 2226 2241 2246 
3 2172 2256 2166 
3 2172 2266 2256 
3 2172 2278 2266 
3 2172 2283 2278 
3 2226 2303 2302 
3 2226 2310 2303 
3 2226 2322 2310 
3 2226 2246 2322 
3 580 578 577 
3 580 582 581 
3 580 585 584 
3 580 587 586 
3 580 589 588 
3 580 591 590 
3 580 594 593 
3 580 600 599 
3 580 603 602 
3 580 605 604 
3 580 607 606 
3 580 601 608 
3 580 579 609 
3 580 583 610 
3 1656 1657 1655 
3 1656 1660 1659 
3 1656 1654 1662 
3 1656 1658 1664 
3 1656 1661 1666 
3 1656 1663 1668 
3 1656 1667 1671 
3 1656 1674 1673 
3 1656 1670 1676 
3 1656 1669 1678 
3 1656 1675 1680 
3 1656 1677 1681 
3 1656 1679 1682 
3 1656 1672 1683 
3 0 1 2 
3 0 2 3 
3 1 4 5 
3 1 5 2 
3 2 5 6 
3 2 6 7 
3 3 2 7 
3 3 7 8 
3 4 9 10 
3 4 10 11 
3 9 12 13 
3 9 13 10 
3 10 13 14 
3 10 14 15 
3 11 10 15 
3 11 15 16 
3 16 15 17 
3 16 17 18 
3 15 14 19 
3 15 19 17 
3 17 19 20 
3 17 20 21 
3 18 17 21 
3 18 21 22 
3 22 21 23 
3 22 23 24 
3 21 20 25 
3 21 25 23 
3 23 25 26 
3 23 26 27 
3 24 23 27 
3 24 27 28 
3 28 27 29 
3 28 29 30 
3 27 26 31 
3 27 31 29 
3 29 31 32 
3 29 32 33 
3 30 29 33 
3 30 33 34 
3 34 33 35 
3 34 35 36 
3 33 32 37 
3 33 37 35 
3 35 37 38 
3 35 38 39 
3 36 35 39 
3 36 39 40 
3 40 39 41 
3 40 41 42 
3 39 38 43 
3 39 43 41 
3 41 43 44 
3 41 44 45 
3 42 41 45 
3 42 45 46 
3 46 45 47 
3 46 47 48 
3 45 44 49 
3 45 49 47 
3 47 49 50 
3 47 50 51 
3 48 47 51 
3 48 51 52 
3 53 54 55 
3 53 55 56 
3 54 57 58 
3 54 58 55 
3 55 58 59 
3 55 59 60 
3 56 55 60 
3 56 60 61 
3 61 62 63 
3 61 63 64 
3 62 65 66 
3 62 66 63 
3 63 66 67 
3 63 67 68 
3 64 63 68 
3 64 68 69 
3 70 71 72 
3 70 72 73 
3 71 74 75 
3 71 75 72 
3 72 75 76 
3 72 76 77 
3 73 72 77 
3 73 77 78 
3 65 79 80 
3 65 80 66 
3 79 74 81 
3 79 81 80 
3 80 81 82 
3 80 82 83 
3 66 80 83 
3 66 83 67 
3 70 84 85 
3 70 85 86 
3 84 87 88 
3 84 88 85 
3 85 88 89 
3 85 89 90 
3 86 85 90 
3 86 90 91 
3 87 92 93 
3 87 93 88 
3 92 94 95 
3 92 95 93 
3 93 95 96 
3 93 96 97 
3 88 93 97 
3 88 97 89 
3 94 98 99 
3 94 99 95 
3 98 100 101 
3 98 101 99 
3 99 101 102 
3 99 102 103 
3 95 99 103 
3 95 103 96 
3 100 104 105 
3 100 105 101 
3 104 106 107 
3 104 107 105 
3 105 107 108 
3 105 108 109 
3 101 105 109 
3 101 109 102 
3 53 110 111 
3 53 111 54 
3 110 112 113 
3 110 113 111 
3 111 113 114 
3 111 114 115 
3 54 111 115 
3 54 115 57 
3 116 117 118 
3 116 118 119 
3 117 120 121 
3 117 121 118 
3 118 121 122 
3 118 122 123 
3 119 118 123 
3 119 123 124 
3 125 126 127 
3 125 127 128 
3 126 129 130 
3 126 130 127 
3 127 130 0 
3 127 0 131 
3 128 127 131 
3 128 131 120 
3 132 133 134 
3 132 134 135 
3 133 106 136 
3 133 136 134 
3 134 136 137 
3 134 137 138 
3 135 134 138 
3 135 138 139 
3 140 141 142 
3 140 142 143 
3 141 108 107 
3 141 107 142 
3 142 107 106 
3 142 106 133 
3 143 142 133 
3 143 133 132 
3 8 144 145 
3 8 145 3 
3 144 122 121 
3 144 121 145 
3 145 121 120 
3 145 120 131 
3 3 145 131 
3 3 131 0 
3 146 147 148 
3 146 148 149 
3 147 150 151 
3 147 151 148 
3 148 151 112 
3 148 112 110 
3 149 148 110 
3 149 110 53 
3 152 153 154 
3 152 154 155 
3 153 137 136 
3 153 136 154 
3 154 136 106 
3 154 106 104 
3 155 154 104 
3 155 104 100 
3 156 157 158 
3 156 158 159 
3 157 152 155 
3 157 155 158 
3 158 155 100 
3 158 100 98 
3 159 158 98 
3 159 98 94 
3 160 161 162 
3 160 162 163 
3 161 156 159 
3 161 159 162 
3 162 159 94 
3 162 94 92 
3 163 162 92 
3 163 92 87 
3 78 164 165 
3 78 165 73 
3 164 160 163 
3 164 163 165 
3 165 163 87 
3 165 87 84 
3 73 165 84 
3 73 84 70 
3 166 167 168 
3 166 168 169 
3 167 76 75 
3 167 75 168 
3 168 75 74 
3 168 74 79 
3 169 168 79 
3 169 79 65 
3 91 170 171 
3 91 171 86 
3 170 82 81 
3 170 81 171 
3 171 81 74 
3 171 74 71 
3 86 171 71 
3 86 71 70 
3 59 172 173 
3 59 173 60 
3 172 166 169 
3 172 169 173 
3 173 169 65 
3 173 65 62 
3 60 173 62 
3 60 62 61 
3 146 149 174 
3 146 174 175 
3 149 53 56 
3 149 56 174 
3 174 56 61 
3 174 61 64 
3 175 174 64 
3 175 64 69 
3 176 177 178 
3 176 178 179 
3 177 46 48 
3 177 48 178 
3 178 48 52 
3 178 52 180 
3 179 178 180 
3 179 180 181 
3 182 183 184 
3 182 184 185 
3 183 40 42 
3 183 42 184 
3 184 42 46 
3 184 46 177 
3 185 184 177 
3 185 177 176 
3 186 187 188 
3 186 188 189 
3 187 34 36 
3 187 36 188 
3 188 36 40 
3 188 40 183 
3 189 188 183 
3 189 183 182 
3 190 191 192 
3 190 192 193 
3 191 28 30 
3 191 30 192 
3 192 30 34 
3 192 34 187 
3 193 192 187 
3 193 187 186 
3 194 195 196 
3 194 196 197 
3 195 22 24 
3 195 24 196 
3 196 24 28 
3 196 28 191 
3 197 196 191 
3 197 191 190 
3 198 199 200 
3 198 200 201 
3 199 16 18 
3 199 18 200 
3 200 18 22 
3 200 22 195 
3 201 200 195 
3 201 195 194 
3 6 5 202 
3 6 202 203 
3 5 4 11 
3 5 11 202 
3 202 11 16 
3 202 16 199 
3 203 202 199 
3 203 199 198 
3 129 204 205 
3 129 205 130 
3 204 12 9 
3 204 9 205 
3 205 9 4 
3 205 4 1 
3 130 205 1 
3 130 1 0 
3 96 103 206 
3 96 206 207 
3 103 102 208 
3 103 208 206 
3 206 208 209 
3 206 209 210 
3 207 206 210 
3 207 210 211 
3 67 83 212 
3 67 212 213 
3 83 82 214 
3 83 214 212 
3 212 214 215 
3 212 215 216 
3 213 212 216 
3 213 216 217 
3 69 68 218 
3 69 218 219 
3 68 67 213 
3 68 213 218 
3 218 213 217 
3 218 217 220 
3 219 218 220 
3 219 220 221 
3 91 90 222 
3 91 222 223 
3 90 89 224 
3 90 224 222 
3 222 224 225 
3 222 225 226 
3 223 222 226 
3 223 226 227 
3 146 175 228 
3 146 228 229 
3 175 69 219 
3 175 219 228 
3 228 219 221 
3 228 221 230 
3 229 228 230 
3 229 230 231 
3 82 170 232 
3 82 232 214 
3 170 91 223 
3 170 223 232 
3 232 223 227 
3 232 227 233 
3 214 232 233 
3 214 233 215 
3 89 97 234 
3 89 234 224 
3 97 96 207 
3 97 207 234 
3 234 207 211 
3 234 211 235 
3 224 234 235 
3 224 235 225 
3 14 13 236 
3 14 236 237 
3 13 12 238 
3 13 238 236 
3 236 238 239 
3 236 239 240 
3 237 236 240 
3 237 240 241 
3 32 31 242 
3 32 242 243 
3 31 26 244 
3 31 244 242 
3 242 244 245 
3 242 245 246 
3 243 242 246 
3 243 246 247 
3 12 204 248 
3 12 248 238 
3 204 129 249 
3 204 249 248 
3 248 249 250 
3 248 250 251 
3 238 248 251 
3 238 251 239 
3 20 19 252 
3 20 252 253 
3 19 14 237 
3 19 237 252 
3 252 237 241 
3 252 241 254 
3 253 252 254 
3 253 254 255 
3 38 37 256 
3 38 256 257 
3 37 32 243 
3 37 243 256 
3 256 243 247 
3 256 247 258 
3 257 256 258 
3 257 258 259 
3 26 25 260 
3 26 260 244 
3 25 20 253 
3 25 253 260 
3 260 253 255 
3 260 255 261 
3 244 260 261 
3 244 261 245 
3 44 43 262 
3 44 262 263 
3 43 38 257 
3 43 257 262 
3 262 257 259 
3 262 259 264 
3 263 262 264 
3 263 264 265 
3 50 266 267 
3 50 267 51 
3 266 268 269 
3 266 269 267 
3 267 269 270 
3 267 270 271 
3 51 267 271 
3 51 271 52 
3 52 271 272 
3 52 272 180 
3 271 270 273 
3 271 273 272 
3 272 273 274 
3 272 274 275 
3 180 272 275 
3 180 275 181 
3 44 263 276 
3 44 276 49 
3 263 265 277 
3 263 277 276 
3 276 277 268 
3 276 268 266 
3 49 276 266 
3 49 266 50 
3 102 109 278 
3 102 278 208 
3 109 108 141 
3 109 141 278 
3 278 141 140 
3 278 140 279 
3 208 278 279 
3 208 279 209 
3 150 280 281 
3 150 281 151 
3 280 282 283 
3 280 283 281 
3 281 283 284 
3 281 284 285 
3 151 281 285 
3 151 285 112 
3 112 285 286 
3 112 286 113 
3 285 284 287 
3 285 287 286 
3 286 287 288 
3 286 288 289 
3 113 286 289 
3 113 289 114 
3 125 128 290 
3 125 290 291 
3 128 120 117 
3 128 117 290 
3 290 117 116 
3 290 116 292 
3 291 290 292 
3 291 292 293 
3 146 229 294 
3 146 294 147 
3 229 231 295 
3 229 295 294 
3 294 295 282 
3 294 282 280 
3 147 294 280 
3 147 280 150 
3 296 297 298 
3 296 298 299 
3 300 301 302 
3 300 302 297 
3 299 303 304 
3 299 304 296 
3 297 302 305 
3 297 305 298 
3 305 302 306 
3 305 306 307 
3 302 301 308 
3 302 308 306 
3 306 308 309 
3 306 309 310 
3 307 306 310 
3 307 310 311 
3 311 310 312 
3 311 312 313 
3 310 309 314 
3 310 314 312 
3 312 314 315 
3 312 315 316 
3 313 312 316 
3 313 316 317 
3 318 319 320 
3 318 320 321 
3 319 322 323 
3 319 323 320 
3 320 323 324 
3 320 324 325 
3 321 320 325 
3 321 325 326 
3 326 325 327 
3 326 327 328 
3 325 324 329 
3 325 329 327 
3 327 329 330 
3 327 330 331 
3 328 327 331 
3 328 331 332 
3 332 331 333 
3 332 333 334 
3 331 330 335 
3 331 335 333 
3 333 335 336 
3 333 336 337 
3 334 333 337 
3 334 337 338 
3 338 337 339 
3 338 339 340 
3 337 336 341 
3 337 341 339 
3 339 341 342 
3 339 342 343 
3 340 339 343 
3 340 343 344 
3 344 343 345 
3 344 345 346 
3 343 342 347 
3 343 347 345 
3 345 347 348 
3 345 348 349 
3 346 345 349 
3 346 349 350 
3 350 349 351 
3 350 351 352 
3 349 348 353 
3 349 353 351 
3 351 353 354 
3 351 354 355 
3 352 351 355 
3 352 355 356 
3 356 355 357 
3 356 357 358 
3 355 354 359 
3 355 359 357 
3 357 359 360 
3 357 360 361 
3 358 357 361 
3 358 361 362 
3 362 361 363 
3 362 363 364 
3 361 360 365 
3 361 365 363 
3 363 365 366 
3 363 366 367 
3 364 363 367 
3 364 367 368 
3 368 367 369 
3 368 369 370 
3 367 366 371 
3 367 371 369 
3 369 371 372 
3 369 372 373 
3 370 369 373 
3 370 373 374 
3 374 373 375 
3 374 375 376 
3 373 372 377 
3 373 377 375 
3 375 377 378 
3 375 378 379 
3 376 375 379 
3 376 379 380 
3 380 379 381 
3 380 381 382 
3 379 378 383 
3 379 383 381 
3 381 383 384 
3 381 384 304 
3 382 381 304 
3 382 304 303 
3 296 304 384 
3 296 384 385 
3 300 386 387 
3 300 387 301 
3 387 386 388 
3 387 388 389 
3 300 385 390 
3 300 390 386 
3 336 335 391 
3 336 391 392 
3 335 330 393 
3 335 393 391 
3 391 393 394 
3 391 394 395 
3 392 391 395 
3 392 395 396 
3 366 365 397 
3 366 397 398 
3 365 360 399 
3 365 399 397 
3 397 399 400 
3 397 400 401 
3 398 397 401 
3 398 401 402 
3 322 403 404 
3 322 404 405 
3 403 315 406 
3 403 406 404 
3 404 406 407 
3 404 407 408 
3 405 404 408 
3 405 408 409 
3 354 353 410 
3 354 410 411 
3 353 348 412 
3 353 412 410 
3 410 412 413 
3 410 413 414 
3 411 410 414 
3 411 414 415 
3 384 383 416 
3 384 416 417 
3 383 378 418 
3 383 418 416 
3 416 418 419 
3 416 419 420 
3 417 416 420 
3 417 420 421 
3 309 308 422 
3 309 422 423 
3 308 301 387 
3 308 387 422 
3 422 387 389 
3 422 389 424 
3 423 422 424 
3 423 424 425 
3 342 341 426 
3 342 426 427 
3 341 336 392 
3 341 392 426 
3 426 392 396 
3 426 396 428 
3 427 426 428 
3 427 428 429 
3 386 390 430 
3 386 430 388 
3 385 384 417 
3 385 417 390 
3 372 371 431 
3 372 431 432 
3 371 366 398 
3 371 398 431 
3 431 398 402 
3 431 402 433 
3 432 431 433 
3 432 433 434 
3 390 417 421 
3 390 421 430 
3 388 435 436 
3 388 436 389 
3 330 329 437 
3 330 437 393 
3 329 324 438 
3 329 438 437 
3 437 438 439 
3 437 439 440 
3 393 437 440 
3 393 440 394 
3 360 359 441 
3 360 441 399 
3 359 354 411 
3 359 411 441 
3 441 411 415 
3 441 415 442 
3 399 441 442 
3 399 442 400 
3 315 314 443 
3 315 443 406 
3 314 309 423 
3 314 423 443 
3 443 423 425 
3 443 425 444 
3 406 443 444 
3 406 444 407 
3 348 347 445 
3 348 445 412 
3 347 342 427 
3 347 427 445 
3 445 427 429 
3 445 429 446 
3 412 445 446 
3 412 446 413 
3 378 377 447 
3 378 447 418 
3 377 372 432 
3 377 432 447 
3 447 432 434 
3 447 434 448 
3 418 447 448 
3 418 448 419 
3 436 435 449 
3 436 449 450 
3 388 430 451 
3 388 451 435 
3 415 414 452 
3 415 452 453 
3 414 413 454 
3 414 454 452 
3 452 454 455 
3 452 455 456 
3 453 452 456 
3 453 456 457 
3 425 424 458 
3 425 458 459 
3 424 389 436 
3 424 436 458 
3 458 436 450 
3 458 450 460 
3 459 458 460 
3 459 460 461 
3 400 442 462 
3 400 462 463 
3 442 415 453 
3 442 453 462 
3 462 453 457 
3 462 457 464 
3 463 462 464 
3 463 464 465 
3 407 444 466 
3 407 466 467 
3 444 425 459 
3 444 459 466 
3 466 459 461 
3 466 461 468 
3 467 466 468 
3 467 468 469 
3 402 401 470 
3 402 470 471 
3 401 400 463 
3 401 463 470 
3 470 463 465 
3 470 465 472 
3 471 470 472 
3 471 472 473 
3 409 408 474 
3 409 474 475 
3 408 407 467 
3 408 467 474 
3 474 467 469 
3 474 469 476 
3 475 474 476 
3 475 476 477 
3 434 433 478 
3 434 478 479 
3 433 402 471 
3 433 471 478 
3 478 471 473 
3 478 473 480 
3 479 478 480 
3 479 480 481 
3 394 440 482 
3 394 482 483 
3 440 439 484 
3 440 484 482 
3 482 484 485 
3 482 485 486 
3 483 482 486 
3 483 486 487 
3 419 448 488 
3 419 488 489 
3 448 434 479 
3 448 479 488 
3 488 479 481 
3 488 481 490 
3 489 488 490 
3 489 490 491 
3 396 395 492 
3 396 492 493 
3 395 394 483 
3 395 483 492 
3 492 483 487 
3 492 487 494 
3 493 492 494 
3 493 494 495 
3 421 420 496 
3 421 496 497 
3 420 419 489 
3 420 489 496 
3 496 489 491 
3 496 491 498 
3 497 496 498 
3 497 498 499 
3 429 428 500 
3 429 500 501 
3 428 396 493 
3 428 493 500 
3 500 493 495 
3 500 495 502 
3 501 500 502 
3 501 502 503 
3 435 451 504 
3 435 504 449 
3 430 421 497 
3 430 497 451 
3 451 497 499 
3 451 499 504 
3 449 504 505 
3 449 505 506 
3 413 446 507 
3 413 507 454 
3 446 429 501 
3 446 501 507 
3 507 501 503 
3 507 503 508 
3 454 507 508 
3 454 508 455 
3 439 509 510 
3 439 510 484 
3 509 409 475 
3 509 475 510 
3 510 475 477 
3 510 477 511 
3 484 510 511 
3 484 511 485 
3 324 323 512 
3 324 512 438 
3 323 322 405 
3 323 405 512 
3 512 405 409 
3 512 409 509 
3 438 512 509 
3 438 509 439 
3 317 316 513 
3 317 513 514 
3 316 315 403 
3 316 403 513 
3 513 403 322 
3 513 322 319 
3 514 513 319 
3 514 319 318 
3 499 498 515 
3 499 515 516 
3 498 491 517 
3 498 517 515 
3 515 517 518 
3 515 518 519 
3 516 515 519 
3 516 519 520 
3 503 502 521 
3 503 521 522 
3 502 495 523 
3 502 523 521 
3 521 523 524 
3 521 524 525 
3 522 521 525 
3 522 525 526 
3 506 505 527 
3 506 527 528 
3 504 499 516 
3 504 516 505 
3 505 516 520 
3 505 520 527 
3 449 506 529 
3 449 529 450 
3 455 508 530 
3 455 530 531 
3 508 503 522 
3 508 522 530 
3 530 522 526 
3 530 526 532 
3 531 530 532 
3 531 532 533 
3 529 506 528 
3 529 528 534 
3 527 535 536 
3 527 536 528 
3 457 456 537 
3 457 537 538 
3 456 455 531 
3 456 531 537 
3 537 531 533 
3 537 533 539 
3 538 537 539 
3 538 539 540 
3 461 460 541 
3 461 541 542 
3 460 450 529 
3 460 529 541 
3 541 529 534 
3 541 534 543 
3 542 541 543 
3 542 543 544 
3 465 464 545 
3 465 545 546 
3 464 457 538 
3 464 538 545 
3 545 538 540 
3 545 540 547 
3 546 545 547 
3 546 547 548 
3 469 468 549 
3 469 549 550 
3 468 461 542 
3 468 542 549 
3 549 542 544 
3 549 544 551 
3 550 549 551 
3 550 551 552 
3 473 472 553 
3 473 553 554 
3 472 465 546 
3 472 546 553 
3 553 546 548 
3 553 548 555 
3 554 553 555 
3 554 555 556 
3 485 511 557 
3 485 557 558 
3 511 477 559 
3 511 559 557 
3 557 559 560 
3 557 560 561 
3 558 557 561 
3 558 561 562 
3 481 480 563 
3 481 563 564 
3 480 473 554 
3 480 554 563 
3 563 554 556 
3 563 556 565 
3 564 563 565 
3 564 565 566 
3 487 486 567 
3 487 567 568 
3 486 485 558 
3 486 558 567 
3 567 558 562 
3 567 562 569 
3 568 567 569 
3 568 569 570 
3 477 476 571 
3 477 571 559 
3 476 469 550 
3 476 550 571 
3 571 550 552 
3 571 552 572 
3 559 571 572 
3 559 572 560 
3 491 490 573 
3 491 573 517 
3 490 481 564 
3 490 564 573 
3 573 564 566 
3 573 566 574 
3 517 573 574 
3 517 574 518 
3 495 494 575 
3 495 575 523 
3 494 487 568 
3 494 568 575 
3 575 568 570 
3 575 570 576 
3 523 575 576 
3 523 576 524 
3 566 565 577 
3 566 577 578 
3 556 579 577 
3 556 577 565 
3 570 569 581 
3 570 581 582 
3 562 583 581 
3 562 581 569 
3 518 574 584 
3 518 584 585 
3 566 578 584 
3 566 584 574 
3 524 576 586 
3 524 586 587 
3 570 582 586 
3 570 586 576 
3 520 519 588 
3 520 588 589 
3 518 585 588 
3 518 588 519 
3 526 525 590 
3 526 590 591 
3 524 587 590 
3 524 590 525 
3 520 589 535 
3 520 535 527 
3 528 536 592 
3 528 592 534 
3 533 532 593 
3 533 593 594 
3 526 591 593 
3 526 593 532 
3 595 596 597 
3 595 597 598 
3 560 572 599 
3 560 599 600 
3 552 601 599 
3 552 599 572 
3 540 539 602 
3 540 602 603 
3 533 594 602 
3 533 602 539 
3 544 543 604 
3 544 604 605 
3 534 592 604 
3 534 604 543 
3 548 547 606 
3 548 606 607 
3 540 603 606 
3 540 606 547 
3 552 551 608 
3 552 608 601 
3 544 605 608 
3 544 608 551 
3 556 555 609 
3 556 609 579 
3 548 607 609 
3 548 609 555 
3 562 561 610 
3 562 610 583 
3 560 600 610 
3 560 610 561 
3 611 612 613 
3 611 613 614 
3 615 616 611 
3 615 611 614 
3 617 618 619 
3 617 619 620 
3 613 612 621 
3 613 621 622 
3 618 623 624 
3 618 624 625 
3 626 621 627 
3 626 627 628 
3 629 630 631 
3 629 631 632 
3 633 634 635 
3 633 635 636 
3 637 638 639 
3 637 639 640 
3 638 641 642 
3 638 642 639 
3 643 644 645 
3 643 645 646 
3 647 648 649 
3 647 649 650 
3 641 651 652 
3 641 652 642 
3 651 653 654 
3 651 654 652 
3 644 655 656 
3 644 656 645 
3 639 642 657 
3 639 657 658 
3 621 612 659 
3 621 659 627 
3 612 611 660 
3 612 660 659 
3 661 662 663 
3 661 663 631 
3 628 627 664 
3 628 664 665 
3 666 667 668 
3 666 668 669 
3 667 670 671 
3 667 671 668 
3 672 673 674 
3 672 674 675 
3 676 672 675 
3 676 675 677 
3 640 639 658 
3 640 658 678 
3 660 679 680 
3 660 680 681 
3 682 646 683 
3 682 683 684 
3 649 682 684 
3 649 684 685 
3 686 687 646 
3 686 646 682 
3 688 633 636 
3 688 636 656 
3 645 656 689 
3 645 689 690 
3 646 645 690 
3 646 690 683 
3 691 692 632 
3 691 632 693 
3 662 647 650 
3 662 650 663 
3 631 663 694 
3 631 694 695 
3 632 631 695 
3 632 695 696 
3 685 684 697 
3 685 697 698 
3 684 683 699 
3 684 699 697 
3 697 699 700 
3 697 700 701 
3 698 697 701 
3 698 701 702 
3 703 704 705 
3 703 705 706 
3 707 708 709 
3 707 709 710 
3 710 709 711 
3 710 711 712 
3 706 705 713 
3 706 713 714 
3 683 690 715 
3 683 715 716 
3 690 689 717 
3 690 717 715 
3 718 719 720 
3 718 720 721 
3 722 718 721 
3 722 721 723 
3 700 699 724 
3 700 724 725 
3 699 683 716 
3 699 716 724 
3 726 722 723 
3 726 723 727 
3 728 726 727 
3 728 727 729 
3 730 731 732 
3 730 732 733 
3 731 696 734 
3 731 734 732 
3 735 736 737 
3 735 737 738 
3 739 735 738 
3 739 738 740 
3 741 742 743 
3 741 743 744 
3 742 708 707 
3 742 707 743 
3 745 704 703 
3 745 703 746 
3 747 745 746 
3 747 746 748 
3 730 733 749 
3 730 749 750 
3 739 740 751 
3 739 751 752 
3 752 751 720 
3 752 720 719 
3 750 749 717 
3 750 717 689 
3 753 754 755 
3 753 755 756 
3 754 748 746 
3 754 746 755 
3 755 746 703 
3 755 703 706 
3 756 755 706 
3 756 706 714 
3 757 758 759 
3 757 759 760 
3 758 711 709 
3 758 709 759 
3 759 709 708 
3 759 708 742 
3 760 759 742 
3 760 742 741 
3 674 673 761 
3 674 761 762 
3 671 670 763 
3 671 763 764 
3 764 763 765 
3 764 765 766 
3 762 761 767 
3 762 767 768 
3 741 744 769 
3 741 769 770 
3 747 748 771 
3 747 771 772 
3 772 771 768 
3 772 768 767 
3 770 769 766 
3 770 766 765 
3 773 774 775 
3 773 775 776 
3 774 777 778 
3 774 778 775 
3 775 778 729 
3 775 729 727 
3 776 775 727 
3 776 727 723 
3 740 779 780 
3 740 780 751 
3 779 773 776 
3 779 776 780 
3 780 776 723 
3 780 723 721 
3 751 780 721 
3 751 721 720 
3 777 781 782 
3 777 782 778 
3 781 753 756 
3 781 756 782 
3 782 756 714 
3 782 714 783 
3 778 782 783 
3 778 783 729 
3 702 701 784 
3 702 784 785 
3 701 700 786 
3 701 786 784 
3 784 786 711 
3 784 711 758 
3 785 784 758 
3 785 758 757 
3 666 787 788 
3 666 788 667 
3 787 702 785 
3 787 785 788 
3 788 785 757 
3 788 757 789 
3 667 788 789 
3 667 789 670 
3 677 675 790 
3 677 790 791 
3 675 674 792 
3 675 792 790 
3 790 792 753 
3 790 753 781 
3 791 790 781 
3 791 781 777 
3 737 793 794 
3 737 794 738 
3 793 795 796 
3 793 796 794 
3 794 796 773 
3 794 773 779 
3 738 794 779 
3 738 779 740 
3 795 797 798 
3 795 798 796 
3 797 677 791 
3 797 791 798 
3 798 791 777 
3 798 777 774 
3 796 798 774 
3 796 774 773 
3 700 725 799 
3 700 799 786 
3 728 729 783 
3 728 783 800 
3 800 783 714 
3 800 714 713 
3 786 799 712 
3 786 712 711 
3 670 789 801 
3 670 801 763 
3 789 757 760 
3 789 760 801 
3 801 760 741 
3 801 741 770 
3 763 801 770 
3 763 770 765 
3 696 695 802 
3 696 802 734 
3 695 694 803 
3 695 803 802 
3 804 805 795 
3 804 795 793 
3 736 804 793 
3 736 793 737 
3 674 762 806 
3 674 806 792 
3 762 768 771 
3 762 771 806 
3 806 771 748 
3 806 748 754 
3 792 806 754 
3 792 754 753 
3 694 807 808 
3 694 808 809 
3 807 685 698 
3 807 698 808 
3 808 698 702 
3 808 702 787 
3 809 808 787 
3 809 787 666 
3 625 624 810 
3 625 810 811 
3 654 812 813 
3 654 813 814 
3 693 632 696 
3 693 696 731 
3 635 693 731 
3 635 731 730 
3 611 616 679 
3 611 679 660 
3 616 637 640 
3 616 640 679 
3 634 815 693 
3 634 693 635 
3 659 660 816 
3 659 816 817 
3 653 619 812 
3 653 812 654 
3 619 618 625 
3 619 625 812 
3 818 819 820 
3 818 820 821 
3 652 654 814 
3 652 814 822 
3 823 686 682 
3 823 682 649 
3 812 625 811 
3 812 811 813 
3 636 635 730 
3 636 730 750 
3 656 636 750 
3 656 750 689 
3 622 621 626 
3 622 626 824 
3 620 619 653 
3 620 653 825 
3 826 641 638 
3 826 638 827 
3 828 623 618 
3 828 618 617 
3 653 651 829 
3 653 829 825 
3 827 638 637 
3 827 637 830 
3 831 832 833 
3 831 833 834 
3 829 651 641 
3 829 641 826 
3 627 659 817 
3 627 817 835 
3 679 640 836 
3 679 836 837 
3 650 649 685 
3 650 685 807 
3 663 650 807 
3 663 807 694 
3 694 809 838 
3 694 838 803 
3 809 666 669 
3 809 669 838 
3 839 676 677 
3 839 677 797 
3 805 839 797 
3 805 797 795 
3 250 249 840 
3 250 840 841 
3 249 129 126 
3 249 126 840 
3 840 126 125 
3 840 125 291 
3 841 840 291 
3 841 291 293 
3 842 843 844 
3 842 844 845 
3 843 846 847 
3 843 847 844 
3 844 847 848 
3 844 848 849 
3 845 844 849 
3 845 849 850 
3 851 852 853 
3 851 853 854 
3 852 842 845 
3 852 845 853 
3 853 845 850 
3 853 850 855 
3 854 853 855 
3 854 855 856 
3 846 857 858 
3 846 858 859 
3 857 860 861 
3 857 861 858 
3 858 861 862 
3 858 862 863 
3 859 858 863 
3 859 863 864 
3 862 865 866 
3 862 866 867 
3 868 869 870 
3 868 870 871 
3 872 873 874 
3 872 874 875 
3 867 866 876 
3 867 876 877 
3 878 879 880 
3 878 880 881 
3 882 883 884 
3 882 884 885 
3 886 869 868 
3 886 868 887 
3 881 880 888 
3 881 888 889 
3 890 891 892 
3 890 892 893 
3 891 889 894 
3 891 894 892 
3 892 894 895 
3 892 895 896 
3 893 892 896 
3 893 896 897 
3 898 899 900 
3 898 900 901 
3 899 890 893 
3 899 893 900 
3 900 893 897 
3 900 897 902 
3 901 900 902 
3 901 902 903 
3 904 905 906 
3 904 906 907 
3 905 908 909 
3 905 909 906 
3 906 909 910 
3 906 910 911 
3 907 906 911 
3 907 911 912 
3 898 913 914 
3 898 914 915 
3 916 917 918 
3 916 918 919 
3 920 921 922 
3 920 922 923 
3 915 914 924 
3 915 924 925 
3 848 847 926 
3 848 926 927 
3 847 846 859 
3 847 859 926 
3 926 859 864 
3 926 864 928 
3 927 926 928 
3 927 928 929 
3 930 931 932 
3 930 932 933 
3 931 934 935 
3 931 935 932 
3 932 935 842 
3 932 842 852 
3 933 932 852 
3 933 852 851 
3 934 936 937 
3 934 937 935 
3 936 860 857 
3 936 857 937 
3 937 857 846 
3 937 846 843 
3 935 937 843 
3 935 843 842 
3 938 939 940 
3 938 940 941 
3 939 942 943 
3 939 943 940 
3 940 943 944 
3 940 944 945 
3 941 940 945 
3 941 945 946 
3 947 948 949 
3 947 949 950 
3 948 951 952 
3 948 952 949 
3 949 952 942 
3 949 942 939 
3 950 949 939 
3 950 939 938 
3 946 953 954 
3 946 954 955 
3 953 956 957 
3 953 957 954 
3 954 957 958 
3 954 958 959 
3 955 954 959 
3 955 959 960 
3 961 912 911 
3 961 911 883 
3 883 911 910 
3 883 910 884 
3 956 962 963 
3 956 963 957 
3 962 964 965 
3 962 965 963 
3 963 965 966 
3 963 966 967 
3 957 963 967 
3 957 967 958 
3 908 968 969 
3 908 969 909 
3 968 970 971 
3 968 971 969 
3 969 971 972 
3 969 972 973 
3 909 969 973 
3 909 973 910 
3 974 975 976 
3 974 976 977 
3 975 978 979 
3 975 979 976 
3 976 979 970 
3 976 970 968 
3 977 976 968 
3 977 968 908 
3 980 981 982 
3 980 982 983 
3 981 984 985 
3 981 985 982 
3 982 985 964 
3 982 964 962 
3 983 982 962 
3 983 962 956 
3 986 974 987 
3 986 987 917 
3 917 987 988 
3 917 988 918 
3 944 989 990 
3 944 990 945 
3 989 980 983 
3 989 983 990 
3 990 983 956 
3 990 956 953 
3 945 990 953 
3 945 953 946 
3 991 992 993 
3 991 993 994 
3 992 947 950 
3 992 950 993 
3 993 950 938 
3 993 938 995 
3 994 993 995 
3 994 995 996 
3 996 995 997 
3 996 997 998 
3 995 938 941 
3 995 941 997 
3 997 941 946 
3 997 946 955 
3 998 997 955 
3 998 955 960 
3 999 1000 1001 
3 999 1001 1002 
3 1003 980 989 
3 1003 989 1000 
3 1000 989 944 
3 1000 944 1001 
3 1004 1005 919 
3 1004 919 918 
3 1006 1007 1008 
3 1006 1008 1009 
3 1001 944 943 
3 1001 943 1007 
3 1007 943 942 
3 1007 942 1008 
3 1010 1003 1000 
3 1010 1000 999 
3 1011 1012 1013 
3 1011 1013 1014 
3 1015 972 971 
3 1015 971 1012 
3 1012 971 970 
3 1012 970 1013 
3 1002 1001 1007 
3 1002 1007 1006 
3 1016 1017 886 
3 1016 886 887 
3 1018 960 959 
3 1018 959 1017 
3 1017 959 958 
3 1017 958 886 
3 1019 1015 1012 
3 1019 1012 1011 
3 1020 1021 1022 
3 1020 1022 1023 
3 1024 930 1025 
3 1024 1025 1026 
3 1026 1025 1027 
3 1026 1027 1028 
3 1029 1018 1017 
3 1029 1017 1016 
3 1030 1031 986 
3 1030 986 1032 
3 1033 978 975 
3 1033 975 1031 
3 1031 975 974 
3 1031 974 986 
3 1034 1035 1021 
3 1034 1021 1020 
3 1036 1037 1033 
3 1036 1033 1038 
3 1013 970 979 
3 1013 979 1037 
3 1037 979 978 
3 1037 978 1033 
3 1038 1033 1031 
3 1038 1031 1030 
3 1039 1040 1015 
3 1039 1015 1019 
3 884 910 973 
3 884 973 1040 
3 1040 973 972 
3 1040 972 1015 
3 1014 1013 1037 
3 1014 1037 1036 
3 988 987 1041 
3 988 1041 1042 
3 987 974 977 
3 987 977 1041 
3 1041 977 908 
3 1041 908 905 
3 1042 1041 905 
3 1042 905 904 
3 1043 1044 1018 
3 1043 1018 1029 
3 1045 996 998 
3 1045 998 1044 
3 1044 998 960 
3 1044 960 1018 
3 885 884 1040 
3 885 1040 1039 
3 947 992 1046 
3 947 1046 1047 
3 992 991 1048 
3 992 1048 1046 
3 1046 1048 1049 
3 1046 1049 1050 
3 1047 1046 1050 
3 1047 1050 1051 
3 875 874 1003 
3 875 1003 1010 
3 873 984 981 
3 873 981 874 
3 874 981 980 
3 874 980 1003 
3 986 917 916 
3 986 916 1032 
3 1052 1053 1054 
3 1052 1054 1055 
3 1008 942 952 
3 1008 952 1053 
3 1053 952 951 
3 1053 951 1054 
3 1056 1045 1044 
3 1056 1044 1043 
3 1057 1058 1045 
3 1057 1045 1056 
3 1034 991 994 
3 1034 994 1058 
3 1058 994 996 
3 1058 996 1045 
3 1009 1008 1053 
3 1009 1053 1052 
3 886 958 967 
3 886 967 869 
3 869 967 966 
3 869 966 870 
3 864 863 1059 
3 864 1059 1060 
3 863 862 867 
3 863 867 1059 
3 1059 867 877 
3 1059 877 1061 
3 1060 1059 1061 
3 1060 1061 1062 
3 930 1024 1063 
3 930 1063 931 
3 931 1063 1064 
3 931 1064 934 
3 925 1065 1066 
3 925 1066 915 
3 1065 1067 1068 
3 1065 1068 1066 
3 1066 1068 890 
3 1066 890 899 
3 915 1066 899 
3 915 899 898 
3 850 1069 1070 
3 850 1070 855 
3 855 1070 1071 
3 855 1071 856 
3 1072 1073 1074 
3 1072 1074 1075 
3 1075 1074 1076 
3 1075 1076 929 
3 856 1071 1077 
3 856 1077 1078 
3 1079 1080 1081 
3 1079 1081 1082 
3 1035 1034 1058 
3 1035 1058 1057 
3 1078 1077 1083 
3 1078 1083 1084 
3 934 1064 1085 
3 934 1085 936 
3 936 1085 1086 
3 936 1086 860 
3 929 928 1087 
3 929 1087 1075 
3 928 864 1060 
3 928 1060 1087 
3 1087 1060 1062 
3 1087 1062 1088 
3 1075 1087 1088 
3 1075 1088 1072 
3 889 888 1089 
3 889 1089 894 
3 894 1089 1090 
3 894 1090 895 
3 897 1091 1092 
3 897 1092 902 
3 902 1092 1093 
3 902 1093 903 
3 903 1093 1094 
3 903 1094 901 
3 901 1094 913 
3 901 913 898 
3 991 1034 1020 
3 991 1020 1048 
3 1048 1020 1023 
3 1048 1023 1049 
3 860 1086 1095 
3 860 1095 861 
3 861 1095 865 
3 861 865 862 
3 895 1090 1096 
3 895 1096 896 
3 896 1096 1091 
3 896 1091 897 
3 848 1097 1098 
3 848 1098 849 
3 849 1098 1069 
3 849 1069 850 
3 929 1076 1099 
3 929 1099 927 
3 927 1099 1097 
3 927 1097 848 
3 1062 1061 1100 
3 1062 1100 1101 
3 1061 877 1102 
3 1061 1102 1100 
3 1100 1102 878 
3 1100 878 1103 
3 1101 1100 1103 
3 1101 1103 1067 
3 1072 1088 1104 
3 1072 1104 1105 
3 1088 1062 1101 
3 1088 1101 1104 
3 1104 1101 1067 
3 1104 1067 1065 
3 1105 1104 1065 
3 1105 1065 925 
3 904 907 1106 
3 904 1106 1107 
3 907 912 1108 
3 907 1108 1106 
3 1106 1108 966 
3 1106 966 965 
3 1107 1106 965 
3 1107 965 964 
3 988 1042 1109 
3 988 1109 1110 
3 1042 904 1107 
3 1042 1107 1109 
3 1109 1107 964 
3 1109 964 985 
3 1110 1109 985 
3 1110 985 984 
3 1111 1112 961 
3 1111 961 1113 
3 1073 1072 1105 
3 1073 1105 1114 
3 1114 1105 925 
3 1114 925 924 
3 873 872 1005 
3 873 1005 1004 
3 961 883 882 
3 961 882 1113 
3 870 966 1108 
3 870 1108 1112 
3 1112 1108 912 
3 1112 912 961 
3 871 870 1112 
3 871 1112 1111 
3 984 873 1004 
3 984 1004 1110 
3 1110 1004 918 
3 1110 918 988 
3 877 876 1115 
3 877 1115 1102 
3 1102 1115 879 
3 1102 879 878 
3 1067 1103 1116 
3 1067 1116 1068 
3 1103 878 881 
3 1103 881 1116 
3 1116 881 889 
3 1116 889 891 
3 1068 1116 891 
3 1068 891 890 
3 851 854 1117 
3 851 1117 1118 
3 854 856 1078 
3 854 1078 1117 
3 1117 1078 1084 
3 1117 1084 1119 
3 1118 1117 1119 
3 1118 1119 1120 
3 1054 951 1121 
3 1054 1121 1080 
3 1080 1121 1122 
3 1080 1122 1081 
3 930 933 1123 
3 930 1123 1025 
3 933 851 1118 
3 933 1118 1123 
3 1123 1118 1120 
3 1123 1120 1124 
3 1025 1123 1124 
3 1025 1124 1027 
3 951 948 1125 
3 951 1125 1121 
3 948 947 1047 
3 948 1047 1125 
3 1125 1047 1051 
3 1125 1051 1126 
3 1121 1125 1126 
3 1121 1126 1122 
3 1127 1128 1129 
3 1127 1129 1130 
3 1128 8 7 
3 1128 7 1129 
3 1129 7 6 
3 1129 6 1131 
3 1130 1129 1131 
3 1130 1131 1132 
3 1132 1133 1134 
3 1132 1134 1135 
3 1133 1136 1137 
3 1133 1137 1134 
3 1134 1137 1138 
3 1134 1138 1139 
3 1135 1134 1139 
3 1135 1139 1140 
3 1136 1141 1142 
3 1136 1142 1137 
3 1141 1143 1144 
3 1141 1144 1142 
3 1142 1144 1145 
3 1142 1145 1146 
3 1137 1142 1146 
3 1137 1146 1138 
3 1143 1147 1148 
3 1143 1148 1144 
3 1147 1149 1150 
3 1147 1150 1148 
3 1148 1150 1151 
3 1148 1151 1152 
3 1144 1148 1152 
3 1144 1152 1145 
3 1149 1153 1154 
3 1149 1154 1150 
3 1153 1155 1156 
3 1153 1156 1154 
3 1154 1156 1157 
3 1154 1157 1158 
3 1150 1154 1158 
3 1150 1158 1151 
3 1155 1159 1160 
3 1155 1160 1156 
3 1159 1161 1162 
3 1159 1162 1160 
3 1160 1162 1163 
3 1160 1163 1164 
3 1156 1160 1164 
3 1156 1164 1157 
3 1161 1165 1166 
3 1161 1166 1162 
3 1165 1167 1168 
3 1165 1168 1166 
3 1166 1168 1169 
3 1166 1169 1170 
3 1162 1166 1170 
3 1162 1170 1163 
3 1167 1171 1172 
3 1167 1172 1168 
3 1171 1173 1174 
3 1171 1174 1172 
3 1172 1174 1175 
3 1172 1175 1176 
3 1168 1172 1176 
3 1168 1176 1169 
3 1177 1178 1179 
3 1177 1179 1180 
3 1178 1181 1182 
3 1178 1182 1179 
3 1179 1182 59 
3 1179 59 58 
3 1180 1179 58 
3 1180 58 57 
3 1181 1183 1184 
3 1181 1184 1185 
3 1183 1186 1187 
3 1183 1187 1184 
3 1184 1187 1188 
3 1184 1188 1189 
3 1185 1184 1189 
3 1185 1189 1190 
3 1191 1192 1193 
3 1191 1193 1194 
3 1192 78 77 
3 1192 77 1193 
3 1193 77 76 
3 1193 76 1195 
3 1194 1193 1195 
3 1194 1195 1196 
3 1190 1189 1197 
3 1190 1197 1198 
3 1189 1188 1199 
3 1189 1199 1197 
3 1197 1199 1200 
3 1197 1200 1201 
3 1198 1197 1201 
3 1198 1201 1196 
3 1191 1202 1203 
3 1191 1203 1204 
3 1202 1205 1206 
3 1202 1206 1203 
3 1203 1206 1207 
3 1203 1207 1208 
3 1204 1203 1208 
3 1204 1208 1209 
3 1209 1208 1210 
3 1209 1210 1211 
3 1208 1207 1212 
3 1208 1212 1210 
3 1210 1212 1213 
3 1210 1213 1214 
3 1211 1210 1214 
3 1211 1214 1215 
3 1215 1214 1216 
3 1215 1216 1217 
3 1214 1213 1218 
3 1214 1218 1216 
3 1216 1218 1219 
3 1216 1219 1220 
3 1217 1216 1220 
3 1217 1220 1221 
3 1221 1220 1222 
3 1221 1222 1223 
3 1220 1219 1224 
3 1220 1224 1222 
3 1222 1224 1225 
3 1222 1225 1226 
3 1223 1222 1226 
3 1223 1226 1227 
3 1177 1180 1228 
3 1177 1228 1229 
3 1180 57 115 
3 1180 115 1228 
3 1228 115 114 
3 1228 114 1230 
3 1229 1228 1230 
3 1229 1230 1231 
3 1232 1233 1234 
3 1232 1234 1235 
3 1233 124 123 
3 1233 123 1234 
3 1234 123 122 
3 1234 122 1236 
3 1235 1234 1236 
3 1235 1236 1237 
3 1238 1239 1240 
3 1238 1240 1241 
3 1239 1237 1242 
3 1239 1242 1240 
3 1240 1242 1127 
3 1240 1127 1243 
3 1241 1240 1243 
3 1241 1243 1244 
3 1245 1246 1247 
3 1245 1247 1248 
3 1246 139 138 
3 1246 138 1247 
3 1247 138 137 
3 1247 137 1249 
3 1248 1247 1249 
3 1248 1249 1227 
3 1250 1251 1252 
3 1250 1252 1253 
3 1251 1245 1248 
3 1251 1248 1252 
3 1252 1248 1227 
3 1252 1227 1226 
3 1253 1252 1226 
3 1253 1226 1225 
3 8 1128 1254 
3 8 1254 144 
3 1128 1127 1242 
3 1128 1242 1254 
3 1254 1242 1237 
3 1254 1237 1236 
3 144 1254 1236 
3 144 1236 122 
3 1255 1256 1257 
3 1255 1257 1258 
3 1256 1177 1229 
3 1256 1229 1257 
3 1257 1229 1231 
3 1257 1231 1259 
3 1258 1257 1259 
3 1258 1259 1260 
3 152 1261 1262 
3 152 1262 153 
3 1261 1221 1223 
3 1261 1223 1262 
3 1262 1223 1227 
3 1262 1227 1249 
3 153 1262 1249 
3 153 1249 137 
3 156 1263 1264 
3 156 1264 157 
3 1263 1215 1217 
3 1263 1217 1264 
3 1264 1217 1221 
3 1264 1221 1261 
3 157 1264 1261 
3 157 1261 152 
3 160 1265 1266 
3 160 1266 161 
3 1265 1209 1211 
3 1265 1211 1266 
3 1266 1211 1215 
3 1266 1215 1263 
3 161 1266 1263 
3 161 1263 156 
3 78 1192 1267 
3 78 1267 164 
3 1192 1191 1204 
3 1192 1204 1267 
3 1267 1204 1209 
3 1267 1209 1265 
3 164 1267 1265 
3 164 1265 160 
3 166 1268 1269 
3 166 1269 167 
3 1268 1190 1198 
3 1268 1198 1269 
3 1269 1198 1196 
3 1269 1196 1195 
3 167 1269 1195 
3 167 1195 76 
3 1205 1202 1270 
3 1205 1270 1271 
3 1202 1191 1194 
3 1202 1194 1270 
3 1270 1194 1196 
3 1270 1196 1201 
3 1271 1270 1201 
3 1271 1201 1200 
3 59 1182 1272 
3 59 1272 172 
3 1182 1181 1185 
3 1182 1185 1272 
3 1272 1185 1190 
3 1272 1190 1268 
3 172 1272 1268 
3 172 1268 166 
3 1255 1273 1274 
3 1255 1274 1256 
3 1273 1186 1183 
3 1273 1183 1274 
3 1274 1183 1181 
3 1274 1181 1178 
3 1256 1274 1178 
3 1256 1178 1177 
3 176 179 1275 
3 176 1275 1276 
3 179 181 1277 
3 179 1277 1275 
3 1275 1277 1173 
3 1275 1173 1171 
3 1276 1275 1171 
3 1276 1171 1167 
3 182 185 1278 
3 182 1278 1279 
3 185 176 1276 
3 185 1276 1278 
3 1278 1276 1167 
3 1278 1167 1165 
3 1279 1278 1165 
3 1279 1165 1161 
3 186 189 1280 
3 186 1280 1281 
3 189 182 1279 
3 189 1279 1280 
3 1280 1279 1161 
3 1280 1161 1159 
3 1281 1280 1159 
3 1281 1159 1155 
3 190 193 1282 
3 190 1282 1283 
3 193 186 1281 
3 193 1281 1282 
3 1282 1281 1155 
3 1282 1155 1153 
3 1283 1282 1153 
3 1283 1153 1149 
3 194 197 1284 
3 194 1284 1285 
3 197 190 1283 
3 197 1283 1284 
3 1284 1283 1149 
3 1284 1149 1147 
3 1285 1284 1147 
3 1285 1147 1143 
3 198 201 1286 
3 198 1286 1287 
3 201 194 1285 
3 201 1285 1286 
3 1286 1285 1143 
3 1286 1143 1141 
3 1287 1286 1141 
3 1287 1141 1136 
3 6 203 1288 
3 6 1288 1131 
3 203 198 1287 
3 203 1287 1288 
3 1288 1287 1136 
3 1288 1136 1133 
3 1131 1288 1133 
3 1131 1133 1132 
3 1244 1243 1289 
3 1244 1289 1290 
3 1243 1127 1130 
3 1243 1130 1289 
3 1289 1130 1132 
3 1289 1132 1135 
3 1290 1289 1135 
3 1290 1135 1140 
3 1213 1291 1292 
3 1213 1292 1218 
3 1291 1293 1294 
3 1291 1294 1292 
3 1292 1294 1295 
3 1292 1295 1296 
3 1218 1292 1296 
3 1218 1296 1219 
3 1188 1297 1298 
3 1188 1298 1199 
3 1297 1299 1300 
3 1297 1300 1298 
3 1298 1300 1301 
3 1298 1301 1302 
3 1199 1298 1302 
3 1199 1302 1200 
3 1186 1303 1304 
3 1186 1304 1187 
3 1303 1305 1306 
3 1303 1306 1304 
3 1304 1306 1299 
3 1304 1299 1297 
3 1187 1304 1297 
3 1187 1297 1188 
3 1205 1307 1308 
3 1205 1308 1206 
3 1307 1309 1310 
3 1307 1310 1308 
3 1308 1310 1311 
3 1308 1311 1312 
3 1206 1308 1312 
3 1206 1312 1207 
3 1255 1313 1314 
3 1255 1314 1273 
3 1313 1315 1316 
3 1313 1316 1314 
3 1314 1316 1305 
3 1314 1305 1303 
3 1273 1314 1303 
3 1273 1303 1186 
3 1200 1302 1317 
3 1200 1317 1271 
3 1302 1301 1318 
3 1302 1318 1317 
3 1317 1318 1309 
3 1317 1309 1307 
3 1271 1317 1307 
3 1271 1307 1205 
3 1207 1312 1319 
3 1207 1319 1212 
3 1312 1311 1320 
3 1312 1320 1319 
3 1319 1320 1293 
3 1319 1293 1291 
3 1212 1319 1291 
3 1212 1291 1213 
3 1138 1321 1322 
3 1138 1322 1139 
3 1321 1323 1324 
3 1321 1324 1322 
3 1322 1324 1325 
3 1322 1325 1326 
3 1139 1322 1326 
3 1139 1326 1140 
3 1157 1327 1328 
3 1157 1328 1158 
3 1327 1329 1330 
3 1327 1330 1328 
3 1328 1330 1331 
3 1328 1331 1332 
3 1158 1328 1332 
3 1158 1332 1151 
3 1140 1326 1333 
3 1140 1333 1290 
3 1326 1325 1334 
3 1326 1334 1333 
3 1333 1334 1335 
3 1333 1335 1336 
3 1290 1333 1336 
3 1290 1336 1244 
3 1145 1337 1338 
3 1145 1338 1146 
3 1337 1339 1340 
3 1337 1340 1338 
3 1338 1340 1323 
3 1338 1323 1321 
3 1146 1338 1321 
3 1146 1321 1138 
3 1163 1341 1342 
3 1163 1342 1164 
3 1341 1343 1344 
3 1341 1344 1342 
3 1342 1344 1329 
3 1342 1329 1327 
3 1164 1342 1327 
3 1164 1327 1157 
3 1151 1332 1345 
3 1151 1345 1152 
3 1332 1331 1346 
3 1332 1346 1345 
3 1345 1346 1339 
3 1345 1339 1337 
3 1152 1345 1337 
3 1152 1337 1145 
3 1169 1347 1348 
3 1169 1348 1170 
3 1347 1349 1350 
3 1347 1350 1348 
3 1348 1350 1343 
3 1348 1343 1341 
3 1170 1348 1341 
3 1170 1341 1163 
3 1175 1174 1351 
3 1175 1351 1352 
3 1174 1173 1353 
3 1174 1353 1351 
3 1351 1353 1354 
3 1351 1354 1355 
3 1352 1351 1355 
3 1352 1355 1356 
3 1173 1277 1357 
3 1173 1357 1353 
3 1277 181 275 
3 1277 275 1357 
3 1357 275 274 
3 1357 274 1358 
3 1353 1357 1358 
3 1353 1358 1354 
3 1169 1176 1359 
3 1169 1359 1347 
3 1176 1175 1352 
3 1176 1352 1359 
3 1359 1352 1356 
3 1359 1356 1360 
3 1347 1359 1360 
3 1347 1360 1349 
3 1219 1296 1361 
3 1219 1361 1224 
3 1296 1295 1362 
3 1296 1362 1361 
3 1361 1362 1250 
3 1361 1250 1253 
3 1224 1361 1253 
3 1224 1253 1225 
3 1260 1259 1363 
3 1260 1363 1364 
3 1259 1231 1365 
3 1259 1365 1363 
3 1363 1365 1366 
3 1363 1366 1367 
3 1364 1363 1367 
3 1364 1367 1368 
3 1231 1230 1369 
3 1231 1369 1365 
3 1230 114 289 
3 1230 289 1369 
3 1369 289 288 
3 1369 288 1370 
3 1365 1369 1370 
3 1365 1370 1366 
3 1238 1371 1372 
3 1238 1372 1239 
3 1371 1373 1374 
3 1371 1374 1372 
3 1372 1374 1232 
3 1372 1232 1235 
3 1239 1372 1235 
3 1239 1235 1237 
3 1255 1258 1375 
3 1255 1375 1313 
3 1258 1260 1364 
3 1258 1364 1375 
3 1375 1364 1368 
3 1375 1368 1376 
3 1313 1375 1376 
3 1313 1376 1315 
3 1377 1378 597 
3 1377 597 596 
3 598 597 1379 
3 598 1379 1380 
3 597 1378 1381 
3 597 1381 1379 
3 1380 1382 1383 
3 1380 1383 598 
3 1377 1384 1385 
3 1377 1385 1378 
3 1384 1386 1387 
3 1384 1387 1385 
3 1385 1387 1388 
3 1385 1388 1389 
3 1378 1385 1389 
3 1378 1389 1381 
3 1386 1390 1391 
3 1386 1391 1387 
3 1390 1392 1393 
3 1390 1393 1391 
3 1391 1393 1394 
3 1391 1394 1395 
3 1387 1391 1395 
3 1387 1395 1388 
3 1396 1397 1398 
3 1396 1398 1399 
3 1397 1400 1401 
3 1397 1401 1398 
3 1398 1401 1402 
3 1398 1402 1403 
3 1399 1398 1403 
3 1399 1403 1404 
3 1400 1405 1406 
3 1400 1406 1401 
3 1405 1407 1408 
3 1405 1408 1406 
3 1406 1408 1409 
3 1406 1409 1410 
3 1401 1406 1410 
3 1401 1410 1402 
3 1407 1411 1412 
3 1407 1412 1408 
3 1411 1413 1414 
3 1411 1414 1412 
3 1412 1414 1415 
3 1412 1415 1416 
3 1408 1412 1416 
3 1408 1416 1409 
3 1413 1417 1418 
3 1413 1418 1414 
3 1417 1419 1420 
3 1417 1420 1418 
3 1418 1420 1421 
3 1418 1421 1422 
3 1414 1418 1422 
3 1414 1422 1415 
3 1419 1423 1424 
3 1419 1424 1420 
3 1423 1425 1426 
3 1423 1426 1424 
3 1424 1426 1427 
3 1424 1427 1428 
3 1420 1424 1428 
3 1420 1428 1421 
3 1425 1429 1430 
3 1425 1430 1426 
3 1429 1431 1432 
3 1429 1432 1430 
3 1430 1432 1433 
3 1430 1433 1434 
3 1426 1430 1434 
3 1426 1434 1427 
3 1431 1435 1436 
3 1431 1436 1432 
3 1435 1437 1438 
3 1435 1438 1436 
3 1436 1438 1439 
3 1436 1439 1440 
3 1432 1436 1440 
3 1432 1440 1433 
3 1437 1441 1442 
3 1437 1442 1438 
3 1441 1443 1444 
3 1441 1444 1442 
3 1442 1444 1445 
3 1442 1445 1446 
3 1438 1442 1446 
3 1438 1446 1439 
3 1443 1447 1448 
3 1443 1448 1444 
3 1447 1449 1450 
3 1447 1450 1448 
3 1448 1450 1451 
3 1448 1451 1452 
3 1444 1448 1452 
3 1444 1452 1445 
3 1449 1453 1454 
3 1449 1454 1450 
3 1453 1455 1456 
3 1453 1456 1454 
3 1454 1456 1457 
3 1454 1457 1458 
3 1450 1454 1458 
3 1450 1458 1451 
3 1455 1459 1460 
3 1455 1460 1456 
3 1459 1461 1383 
3 1459 1383 1460 
3 1460 1383 1382 
3 1460 1382 1462 
3 1456 1460 1462 
3 1456 1462 1457 
3 1463 1464 1465 
3 1463 1465 1466 
3 598 1383 1461 
3 598 1461 595 
3 1463 1467 1468 
3 1463 1468 1464 
3 1465 1464 1379 
3 1465 1379 1381 
3 1415 1469 1470 
3 1415 1470 1416 
3 1469 1471 1472 
3 1469 1472 1470 
3 1470 1472 1473 
3 1470 1473 1474 
3 1416 1470 1474 
3 1416 1474 1409 
3 1445 1475 1476 
3 1445 1476 1446 
3 1475 1477 1478 
3 1475 1478 1476 
3 1476 1478 1479 
3 1476 1479 1480 
3 1446 1476 1480 
3 1446 1480 1439 
3 1404 1481 1482 
3 1404 1482 1483 
3 1481 1484 1485 
3 1481 1485 1482 
3 1482 1485 1486 
3 1482 1486 1487 
3 1483 1482 1487 
3 1483 1487 1394 
3 1433 1488 1489 
3 1433 1489 1434 
3 1488 1490 1491 
3 1488 1491 1489 
3 1489 1491 1492 
3 1489 1492 1493 
3 1434 1489 1493 
3 1434 1493 1427 
3 1382 1494 1495 
3 1382 1495 1462 
3 1494 1496 1497 
3 1494 1497 1495 
3 1495 1497 1498 
3 1495 1498 1499 
3 1462 1495 1499 
3 1462 1499 1457 
3 1388 1500 1501 
3 1388 1501 1389 
3 1500 1502 1503 
3 1500 1503 1501 
3 1501 1503 1466 
3 1501 1466 1465 
3 1389 1501 1465 
3 1389 1465 1381 
3 1421 1504 1505 
3 1421 1505 1422 
3 1504 1506 1507 
3 1504 1507 1505 
3 1505 1507 1471 
3 1505 1471 1469 
3 1422 1505 1469 
3 1422 1469 1415 
3 1467 1496 1494 
3 1467 1494 1468 
3 1464 1468 1380 
3 1464 1380 1379 
3 1451 1508 1509 
3 1451 1509 1452 
3 1508 1510 1511 
3 1508 1511 1509 
3 1509 1511 1477 
3 1509 1477 1475 
3 1452 1509 1475 
3 1452 1475 1445 
3 1512 1513 1514 
3 1512 1514 1515 
3 1468 1494 1382 
3 1468 1382 1380 
3 1409 1474 1516 
3 1409 1516 1410 
3 1474 1473 1517 
3 1474 1517 1516 
3 1516 1517 1518 
3 1516 1518 1519 
3 1410 1516 1519 
3 1410 1519 1402 
3 1439 1480 1520 
3 1439 1520 1440 
3 1480 1479 1521 
3 1480 1521 1520 
3 1520 1521 1490 
3 1520 1490 1488 
3 1440 1520 1488 
3 1440 1488 1433 
3 1394 1487 1522 
3 1394 1522 1395 
3 1487 1486 1523 
3 1487 1523 1522 
3 1522 1523 1502 
3 1522 1502 1500 
3 1395 1522 1500 
3 1395 1500 1388 
3 1427 1493 1524 
3 1427 1524 1428 
3 1493 1492 1525 
3 1493 1525 1524 
3 1524 1525 1506 
3 1524 1506 1504 
3 1428 1524 1504 
3 1428 1504 1421 
3 1457 1499 1526 
3 1457 1526 1458 
3 1499 1498 1527 
3 1499 1527 1526 
3 1526 1527 1510 
3 1526 1510 1508 
3 1458 1526 1508 
3 1458 1508 1451 
3 1512 1528 1529 
3 1512 1529 1513 
3 1514 1513 1463 
3 1514 1463 1466 
3 1490 1530 1531 
3 1490 1531 1491 
3 1530 1532 1533 
3 1530 1533 1531 
3 1531 1533 1534 
3 1531 1534 1535 
3 1491 1531 1535 
3 1491 1535 1492 
3 1502 1536 1537 
3 1502 1537 1503 
3 1536 1538 1539 
3 1536 1539 1537 
3 1537 1539 1515 
3 1537 1515 1514 
3 1503 1537 1514 
3 1503 1514 1466 
3 1479 1540 1541 
3 1479 1541 1521 
3 1540 1542 1543 
3 1540 1543 1541 
3 1541 1543 1532 
3 1541 1532 1530 
3 1521 1541 1530 
3 1521 1530 1490 
3 1486 1544 1545 
3 1486 1545 1523 
3 1544 1546 1547 
3 1544 1547 1545 
3 1545 1547 1538 
3 1545 1538 1536 
3 1523 1545 1536 
3 1523 1536 1502 
3 1477 1548 1549 
3 1477 1549 1478 
3 1548 1550 1551 
3 1548 1551 1549 
3 1549 1551 1542 
3 1549 1542 1540 
3 1478 1549 1540 
3 1478 1540 1479 
3 1484 1552 1553 
3 1484 1553 1485 
3 1552 1554 1555 
3 1552 1555 1553 
3 1553 1555 1546 
3 1553 1546 1544 
3 1485 1553 1544 
3 1485 1544 1486 
3 1510 1556 1557 
3 1510 1557 1511 
3 1556 1558 1559 
3 1556 1559 1557 
3 1557 1559 1550 
3 1557 1550 1548 
3 1511 1557 1548 
3 1511 1548 1477 
3 1473 1560 1561 
3 1473 1561 1517 
3 1560 1562 1563 
3 1560 1563 1561 
3 1561 1563 1564 
3 1561 1564 1565 
3 1517 1561 1565 
3 1517 1565 1518 
3 1498 1566 1567 
3 1498 1567 1527 
3 1566 1568 1569 
3 1566 1569 1567 
3 1567 1569 1558 
3 1567 1558 1556 
3 1527 1567 1556 
3 1527 1556 1510 
3 1471 1570 1571 
3 1471 1571 1472 
3 1570 1572 1573 
3 1570 1573 1571 
3 1571 1573 1562 
3 1571 1562 1560 
3 1472 1571 1560 
3 1472 1560 1473 
3 1496 1574 1575 
3 1496 1575 1497 
3 1574 1576 1577 
3 1574 1577 1575 
3 1575 1577 1568 
3 1575 1568 1566 
3 1497 1575 1566 
3 1497 1566 1498 
3 1506 1578 1579 
3 1506 1579 1507 
3 1578 1580 1581 
3 1578 1581 1579 
3 1579 1581 1572 
3 1579 1572 1570 
3 1507 1579 1570 
3 1507 1570 1471 
3 1528 1576 1574 
3 1528 1574 1529 
3 1513 1529 1467 
3 1513 1467 1463 
3 1582 1583 1584 
3 1582 1584 1585 
3 1529 1574 1496 
3 1529 1496 1467 
3 1492 1535 1586 
3 1492 1586 1525 
3 1535 1534 1587 
3 1535 1587 1586 
3 1586 1587 1580 
3 1586 1580 1578 
3 1525 1586 1578 
3 1525 1578 1506 
3 1518 1565 1588 
3 1518 1588 1589 
3 1565 1564 1590 
3 1565 1590 1588 
3 1588 1590 1554 
3 1588 1554 1552 
3 1589 1588 1552 
3 1589 1552 1484 
3 1402 1519 1591 
3 1402 1591 1403 
3 1519 1518 1589 
3 1519 1589 1591 
3 1591 1589 1484 
3 1591 1484 1481 
3 1403 1591 1481 
3 1403 1481 1404 
3 1392 1592 1593 
3 1392 1593 1393 
3 1592 1396 1399 
3 1592 1399 1593 
3 1593 1399 1404 
3 1593 1404 1483 
3 1393 1593 1483 
3 1393 1483 1394 
3 1576 1594 1595 
3 1576 1595 1577 
3 1594 1596 1597 
3 1594 1597 1595 
3 1595 1597 1598 
3 1595 1598 1599 
3 1577 1595 1599 
3 1577 1599 1568 
3 1580 1600 1601 
3 1580 1601 1581 
3 1600 1602 1603 
3 1600 1603 1601 
3 1601 1603 1604 
3 1601 1604 1605 
3 1581 1601 1605 
3 1581 1605 1572 
3 1583 1596 1594 
3 1583 1594 1584 
3 1585 1584 1528 
3 1585 1528 1512 
3 1582 1585 1606 
3 1582 1606 1607 
3 1584 1594 1576 
3 1584 1576 1528 
3 1534 1608 1609 
3 1534 1609 1587 
3 1608 1610 1611 
3 1608 1611 1609 
3 1609 1611 1602 
3 1609 1602 1600 
3 1587 1609 1600 
3 1587 1600 1580 
3 1583 1582 1612 
3 1583 1612 1613 
3 1606 1585 1512 
3 1606 1512 1515 
3 1532 1614 1615 
3 1532 1615 1533 
3 1614 1616 1617 
3 1614 1617 1615 
3 1615 1617 1610 
3 1615 1610 1608 
3 1533 1615 1608 
3 1533 1608 1534 
3 1538 1618 1619 
3 1538 1619 1539 
3 1618 1620 1621 
3 1618 1621 1619 
3 1619 1621 1607 
3 1619 1607 1606 
3 1539 1619 1606 
3 1539 1606 1515 
3 1542 1622 1623 
3 1542 1623 1543 
3 1622 1624 1625 
3 1622 1625 1623 
3 1623 1625 1616 
3 1623 1616 1614 
3 1543 1623 1614 
3 1543 1614 1532 
3 1546 1626 1627 
3 1546 1627 1547 
3 1626 1628 1629 
3 1626 1629 1627 
3 1627 1629 1620 
3 1627 1620 1618 
3 1547 1627 1618 
3 1547 1618 1538 
3 1550 1630 1631 
3 1550 1631 1551 
3 1630 1632 1633 
3 1630 1633 1631 
3 1631 1633 1624 
3 1631 1624 1622 
3 1551 1631 1622 
3 1551 1622 1542 
3 1564 1634 1635 
3 1564 1635 1590 
3 1634 1636 1637 
3 1634 1637 1635 
3 1635 1637 1638 
3 1635 1638 1639 
3 1590 1635 1639 
3 1590 1639 1554 
3 1558 1640 1641 
3 1558 1641 1559 
3 1640 1642 1643 
3 1640 1643 1641 
3 1641 1643 1632 
3 1641 1632 1630 
3 1559 1641 1630 
3 1559 1630 1550 
3 1562 1644 1645 
3 1562 1645 1563 
3 1644 1646 1647 
3 1644 1647 1645 
3 1645 1647 1636 
3 1645 1636 1634 
3 1563 1645 1634 
3 1563 1634 1564 
3 1554 1639 1648 
3 1554 1648 1555 
3 1639 1638 1649 
3 1639 1649 1648 
3 1648 1649 1628 
3 1648 1628 1626 
3 1555 1648 1626 
3 1555 1626 1546 
3 1568 1599 1650 
3 1568 1650 1569 
3 1599 1598 1651 
3 1599 1651 1650 
3 1650 1651 1642 
3 1650 1642 1640 
3 1569 1650 1640 
3 1569 1640 1558 
3 1572 1605 1652 
3 1572 1652 1573 
3 1605 1604 1653 
3 1605 1653 1652 
3 1652 1653 1646 
3 1652 1646 1644 
3 1573 1652 1644 
3 1573 1644 1562 
3 1642 1654 1655 
3 1642 1655 1643 
3 1632 1643 1655 
3 1632 1655 1657 
3 1646 1658 1659 
3 1646 1659 1647 
3 1636 1647 1659 
3 1636 1659 1660 
3 1598 1661 1662 
3 1598 1662 1651 
3 1642 1651 1662 
3 1642 1662 1654 
3 1604 1663 1664 
3 1604 1664 1653 
3 1646 1653 1664 
3 1646 1664 1658 
3 1596 1665 1666 
3 1596 1666 1597 
3 1598 1597 1666 
3 1598 1666 1661 
3 1602 1667 1668 
3 1602 1668 1603 
3 1604 1603 1668 
3 1604 1668 1663 
3 1596 1583 1613 
3 1596 1613 1665 
3 1582 1607 1669 
3 1582 1669 1612 
3 1610 1670 1671 
3 1610 1671 1611 
3 1602 1611 1671 
3 1602 1671 1667 
3 1638 1672 1673 
3 1638 1673 1649 
3 1628 1649 1673 
3 1628 1673 1674 
3 1616 1675 1676 
3 1616 1676 1617 
3 1610 1617 1676 
3 1610 1676 1670 
3 1620 1677 1678 
3 1620 1678 1621 
3 1607 1621 1678 
3 1607 1678 1669 
3 1624 1679 1680 
3 1624 1680 1625 
3 1616 1625 1680 
3 1616 1680 1675 
3 1628 1674 1681 
3 1628 1681 1629 
3 1620 1629 1681 
3 1620 1681 1677 
3 1632 1657 1682 
3 1632 1682 1633 
3 1624 1633 1682 
3 1624 1682 1679 
3 1636 1660 1683 
3 1636 1683 1637 
3 1638 1637 1683 
3 1638 1683 1672 
3 833 832 1684 
3 833 1684 1685 
3 1686 1687 1688 
3 1686 1688 1689 
3 1689 1688 831 
3 1689 831 834 
3 1690 1691 1692 
3 1690 1692 1693 
3 1694 1695 1696 
3 1694 1696 1697 
3 1698 1699 1700 
3 1698 1700 1701 
3 1702 1703 1704 
3 1702 1704 1705 
3 1697 1696 1702 
3 1697 1702 1687 
3 1684 1706 1707 
3 1684 1707 1708 
3 1709 1710 819 
3 1709 819 1711 
3 1712 1713 1714 
3 1712 1714 1715 
3 1708 1707 1712 
3 1708 1712 1716 
3 1716 1712 1715 
3 1716 1715 1717 
3 1718 820 1719 
3 1718 1719 1720 
3 1721 1722 1723 
3 1721 1723 1724 
3 1717 1715 1725 
3 1717 1725 1690 
3 1687 1702 1705 
3 1687 1705 1688 
3 1726 1727 1728 
3 1726 1728 1729 
3 1730 1731 1732 
3 1730 1732 1733 
3 1688 1705 1734 
3 1688 1734 831 
3 1735 1736 1737 
3 1735 1737 1738 
3 1739 1740 1741 
3 1739 1741 1742 
3 1742 1741 1743 
3 1742 1743 1744 
3 1738 1737 1745 
3 1738 1745 1746 
3 1747 1732 1710 
3 1747 1710 1709 
3 1710 1748 1749 
3 1710 1749 819 
3 819 1749 1750 
3 819 1750 820 
3 1707 1751 1713 
3 1707 1713 1712 
3 1752 1728 1731 
3 1752 1731 1753 
3 820 1750 1754 
3 820 1754 1719 
3 1719 1754 1755 
3 1719 1755 1722 
3 1715 1714 1756 
3 1715 1756 1725 
3 1720 1719 1722 
3 1720 1722 1757 
3 1727 1758 1759 
3 1727 1759 1728 
3 1728 1759 1760 
3 1728 1760 1731 
3 1705 1761 1762 
3 1705 1762 1734 
3 1748 1763 1764 
3 1748 1764 1749 
3 1763 1765 1766 
3 1763 1766 1764 
3 1764 1766 1767 
3 1764 1767 1768 
3 1749 1764 1768 
3 1749 1768 1750 
3 1769 1770 1771 
3 1769 1771 1772 
3 1770 1773 1774 
3 1770 1774 1771 
3 1775 1776 1777 
3 1775 1777 1778 
3 1779 1775 1778 
3 1779 1778 1780 
3 1750 1781 1782 
3 1750 1782 1754 
3 1783 1784 1785 
3 1783 1785 1786 
3 1786 1785 1787 
3 1786 1787 1788 
3 1754 1782 1789 
3 1754 1789 1755 
3 1767 1790 1791 
3 1767 1791 1768 
3 1792 1793 1794 
3 1792 1794 1795 
3 1795 1794 1784 
3 1795 1784 1783 
3 1768 1791 1781 
3 1768 1781 1750 
3 1796 1797 1798 
3 1796 1798 1799 
3 1800 1801 1802 
3 1800 1802 1803 
3 1803 1802 1804 
3 1803 1804 1805 
3 1799 1798 1806 
3 1799 1806 1758 
3 1807 1808 1809 
3 1807 1809 1810 
3 1811 1812 1813 
3 1811 1813 1814 
3 1814 1813 1769 
3 1814 1769 1772 
3 1810 1809 1779 
3 1810 1779 1780 
3 1796 1815 1816 
3 1796 1816 1797 
3 1815 1755 1789 
3 1815 1789 1816 
3 1817 1788 1787 
3 1817 1787 1818 
3 1800 1817 1818 
3 1800 1818 1801 
3 1819 1820 1821 
3 1819 1821 1822 
3 1820 1773 1770 
3 1820 1770 1821 
3 1821 1770 1769 
3 1821 1769 1813 
3 1822 1821 1813 
3 1822 1813 1812 
3 1823 1824 1825 
3 1823 1825 1826 
3 1824 1807 1810 
3 1824 1810 1825 
3 1825 1810 1780 
3 1825 1780 1778 
3 1826 1825 1778 
3 1826 1778 1777 
3 1743 1827 1828 
3 1743 1828 1744 
3 1827 1829 1830 
3 1827 1830 1828 
3 1831 1832 1833 
3 1831 1833 1834 
3 1745 1831 1834 
3 1745 1834 1746 
3 1807 1835 1836 
3 1807 1836 1808 
3 1835 1833 1832 
3 1835 1832 1836 
3 1837 1830 1829 
3 1837 1829 1838 
3 1811 1837 1838 
3 1811 1838 1812 
3 1839 1840 1841 
3 1839 1841 1842 
3 1840 1784 1794 
3 1840 1794 1841 
3 1841 1794 1793 
3 1841 1793 1843 
3 1842 1841 1843 
3 1842 1843 1844 
3 1801 1818 1845 
3 1801 1845 1846 
3 1818 1787 1785 
3 1818 1785 1845 
3 1845 1785 1784 
3 1845 1784 1840 
3 1846 1845 1840 
3 1846 1840 1839 
3 1844 1843 1847 
3 1844 1847 1848 
3 1843 1793 1849 
3 1843 1849 1847 
3 1847 1849 1773 
3 1847 1773 1820 
3 1848 1847 1820 
3 1848 1820 1819 
3 1765 1850 1851 
3 1765 1851 1766 
3 1850 1823 1826 
3 1850 1826 1851 
3 1851 1826 1777 
3 1851 1777 1852 
3 1766 1851 1852 
3 1766 1852 1767 
3 1735 1738 1853 
3 1735 1853 1854 
3 1738 1746 1855 
3 1738 1855 1853 
3 1853 1855 1823 
3 1853 1823 1850 
3 1854 1853 1850 
3 1854 1850 1765 
3 1740 1856 1857 
3 1740 1857 1741 
3 1856 1844 1848 
3 1856 1848 1857 
3 1857 1848 1819 
3 1857 1819 1858 
3 1741 1857 1858 
3 1741 1858 1743 
3 1804 1802 1859 
3 1804 1859 1860 
3 1802 1801 1846 
3 1802 1846 1859 
3 1859 1846 1839 
3 1859 1839 1861 
3 1860 1859 1861 
3 1860 1861 1862 
3 1862 1861 1863 
3 1862 1863 1864 
3 1861 1839 1842 
3 1861 1842 1863 
3 1863 1842 1844 
3 1863 1844 1856 
3 1864 1863 1856 
3 1864 1856 1740 
3 1767 1852 1865 
3 1767 1865 1790 
3 1852 1777 1776 
3 1852 1776 1865 
3 1866 1774 1773 
3 1866 1773 1849 
3 1792 1866 1849 
3 1792 1849 1793 
3 1746 1834 1867 
3 1746 1867 1855 
3 1834 1833 1835 
3 1834 1835 1867 
3 1867 1835 1807 
3 1867 1807 1824 
3 1855 1867 1824 
3 1855 1824 1823 
3 1758 1806 1868 
3 1758 1868 1759 
3 1805 1804 1860 
3 1805 1860 1869 
3 1869 1860 1862 
3 1869 1862 1870 
3 1759 1868 1871 
3 1759 1871 1760 
3 1743 1858 1872 
3 1743 1872 1827 
3 1858 1819 1822 
3 1858 1822 1872 
3 1872 1822 1812 
3 1872 1812 1838 
3 1827 1872 1838 
3 1827 1838 1829 
3 1760 1873 1874 
3 1760 1874 1875 
3 1873 1735 1854 
3 1873 1854 1874 
3 1874 1854 1765 
3 1874 1765 1763 
3 1875 1874 1763 
3 1875 1763 1748 
3 1724 1723 1699 
3 1724 1699 1698 
3 1699 1796 1799 
3 1699 1799 1700 
3 1700 1799 1758 
3 1700 1758 1727 
3 1696 1876 1703 
3 1696 1703 1702 
3 831 1734 1877 
3 831 1877 832 
3 1701 1700 1727 
3 1701 1727 1726 
3 1706 1878 1879 
3 1706 1879 1707 
3 832 1877 1706 
3 832 1706 1684 
3 1690 1725 1880 
3 1690 1880 1691 
3 1877 1881 1882 
3 1877 1882 1706 
3 1695 1883 1884 
3 1695 1884 1696 
3 1691 1880 1885 
3 1691 1885 1886 
3 1725 1756 1887 
3 1725 1887 1880 
3 1722 1755 1815 
3 1722 1815 1723 
3 1723 1815 1796 
3 1723 1796 1699 
3 1692 1691 1886 
3 1692 1886 1888 
3 1889 1694 1697 
3 1889 1697 1890 
3 1890 1697 1687 
3 1890 1687 1686 
3 1685 1684 1708 
3 1685 1708 1891 
3 1891 1708 1716 
3 1891 1716 1892 
3 1892 1716 1717 
3 1892 1717 1893 
3 1893 1717 1690 
3 1893 1690 1693 
3 1734 1762 1894 
3 1734 1894 1877 
3 1731 1760 1875 
3 1731 1875 1732 
3 1732 1875 1748 
3 1732 1748 1710 
3 1880 1895 1896 
3 1880 1896 1885 
3 1760 1871 1897 
3 1760 1897 1873 
3 1870 1862 1864 
3 1870 1864 1898 
3 1898 1864 1740 
3 1898 1740 1739 
3 1873 1897 1736 
3 1873 1736 1735 
3 1335 1899 1900 
3 1335 1900 1336 
3 1899 1373 1371 
3 1899 1371 1900 
3 1900 1371 1238 
3 1900 1238 1241 
3 1336 1900 1241 
3 1336 1241 1244 
3 1901 1902 1903 
3 1901 1903 1904 
3 1902 1905 1906 
3 1902 1906 1903 
3 1903 1906 1907 
3 1903 1907 1908 
3 1904 1903 1908 
3 1904 1908 1909 
3 1910 1911 1912 
3 1910 1912 1913 
3 1911 1914 1915 
3 1911 1915 1912 
3 1912 1915 1905 
3 1912 1905 1902 
3 1913 1912 1902 
3 1913 1902 1901 
3 1909 1916 1917 
3 1909 1917 1918 
3 1916 1919 1920 
3 1916 1920 1917 
3 1917 1920 1921 
3 1917 1921 1922 
3 1918 1917 1922 
3 1918 1922 1923 
3 1921 1924 1925 
3 1921 1925 1926 
3 1924 1927 1928 
3 1924 1928 1925 
3 1929 1930 1931 
3 1929 1931 1932 
3 1933 1934 1935 
3 1933 1935 1936 
3 1937 1938 1939 
3 1937 1939 1940 
3 1938 1941 1942 
3 1938 1942 1939 
3 1935 1934 1943 
3 1935 1943 1944 
3 1945 1946 1947 
3 1945 1947 1948 
3 1949 1950 1951 
3 1949 1951 1952 
3 1950 1953 1954 
3 1950 1954 1951 
3 1951 1954 1955 
3 1951 1955 1956 
3 1952 1951 1956 
3 1952 1956 1941 
3 1957 1958 1959 
3 1957 1959 1960 
3 1958 1961 1962 
3 1958 1962 1959 
3 1959 1962 1953 
3 1959 1953 1950 
3 1960 1959 1950 
3 1960 1950 1949 
3 1963 1964 1965 
3 1963 1965 1966 
3 1964 1967 1968 
3 1964 1968 1965 
3 1965 1968 1969 
3 1965 1969 1970 
3 1966 1965 1970 
3 1966 1970 1971 
3 1957 1972 1973 
3 1957 1973 1974 
3 1972 1975 1976 
3 1972 1976 1973 
3 1977 1978 1979 
3 1977 1979 1980 
3 1907 1981 1982 
3 1907 1982 1908 
3 1981 1983 1984 
3 1981 1984 1982 
3 1982 1984 1919 
3 1982 1919 1916 
3 1908 1982 1916 
3 1908 1916 1909 
3 1985 1986 1987 
3 1985 1987 1988 
3 1986 1910 1913 
3 1986 1913 1987 
3 1987 1913 1901 
3 1987 1901 1989 
3 1988 1987 1989 
3 1988 1989 1990 
3 1990 1989 1991 
3 1990 1991 1992 
3 1989 1901 1904 
3 1989 1904 1991 
3 1991 1904 1909 
3 1991 1909 1918 
3 1992 1991 1918 
3 1992 1918 1923 
3 1993 1994 1995 
3 1993 1995 1996 
3 1994 1997 1998 
3 1994 1998 1995 
3 1995 1998 1999 
3 1995 1999 2000 
3 1996 1995 2000 
3 1996 2000 2001 
3 2002 2003 2004 
3 2002 2004 2005 
3 2003 1993 1996 
3 2003 1996 2004 
3 2004 1996 2001 
3 2004 2001 2006 
3 2005 2004 2006 
3 2005 2006 2007 
3 1997 2008 2009 
3 1997 2009 2010 
3 2008 2011 2012 
3 2008 2012 2009 
3 2009 2012 2013 
3 2009 2013 2014 
3 2010 2009 2014 
3 2010 2014 2015 
3 1947 1946 1969 
3 1947 1969 1968 
3 2016 1947 1968 
3 2016 1968 1967 
3 2015 2014 2017 
3 2015 2017 2018 
3 2014 2013 2019 
3 2014 2019 2017 
3 2017 2019 2020 
3 2017 2020 2021 
3 2018 2017 2021 
3 2018 2021 2022 
3 1971 1970 2023 
3 1971 2023 2024 
3 1970 1969 2025 
3 1970 2025 2023 
3 2023 2025 2026 
3 2023 2026 2027 
3 2024 2023 2027 
3 2024 2027 2028 
3 2029 2030 2031 
3 2029 2031 2032 
3 2030 1971 2024 
3 2030 2024 2031 
3 2031 2024 2028 
3 2031 2028 2033 
3 2032 2031 2033 
3 2032 2033 2034 
3 2035 2036 2037 
3 2035 2037 2038 
3 2036 2015 2018 
3 2036 2018 2037 
3 2037 2018 2022 
3 2037 2022 2039 
3 2038 2037 2039 
3 2038 2039 2040 
3 1979 1978 2041 
3 1979 2041 2042 
3 2043 1979 2042 
3 2043 2042 2029 
3 1999 1998 2044 
3 1999 2044 2045 
3 1998 1997 2010 
3 1998 2010 2044 
3 2044 2010 2015 
3 2044 2015 2036 
3 2045 2044 2036 
3 2045 2036 2035 
3 2046 2047 2048 
3 2046 2048 2049 
3 2047 2050 2051 
3 2047 2051 2048 
3 2048 2051 1993 
3 2048 1993 2003 
3 2049 2048 2003 
3 2049 2003 2002 
3 2050 2052 2053 
3 2050 2053 2051 
3 2052 2011 2008 
3 2052 2008 2053 
3 2053 2008 1997 
3 2053 1997 1994 
3 2051 2053 1994 
3 2051 1994 1993 
3 2054 2055 2056 
3 2054 2056 2057 
3 2058 1978 1977 
3 2058 1977 2059 
3 2057 2056 1999 
3 2057 1999 2045 
3 2060 2057 2045 
3 2060 2045 2035 
3 2061 2062 2063 
3 2061 2063 2064 
3 2065 2054 2057 
3 2065 2057 2060 
3 2064 2063 2001 
3 2064 2001 2000 
3 2056 2064 2000 
3 2056 2000 1999 
3 2066 2067 2068 
3 2066 2068 2069 
3 2055 2061 2064 
3 2055 2064 2056 
3 2069 2068 2028 
3 2069 2028 2027 
3 2070 2069 2027 
3 2070 2027 2026 
3 2071 1944 1943 
3 2071 1943 2072 
3 2073 2066 2069 
3 2073 2069 2070 
3 2072 1943 2013 
3 2072 2013 2012 
3 2074 2072 2012 
3 2074 2012 2011 
3 2075 1023 1022 
3 2075 1022 2076 
3 2077 2071 2072 
3 2077 2072 2074 
3 2078 1028 1027 
3 2078 1027 2079 
3 2080 2078 2079 
3 2080 2079 1985 
3 2081 2082 2043 
3 2081 2043 2083 
3 2084 2075 2076 
3 2084 2076 2085 
3 2083 2043 2029 
3 2083 2029 2032 
3 2086 2083 2032 
3 2086 2032 2034 
3 2087 2088 2086 
3 2087 2086 2089 
3 2088 2081 2083 
3 2088 2083 2086 
3 2089 2086 2034 
3 2089 2034 2033 
3 2068 2089 2033 
3 2068 2033 2028 
3 2090 2073 2070 
3 2090 2070 2091 
3 2067 2087 2089 
3 2067 2089 2068 
3 2091 2070 2026 
3 2091 2026 2025 
3 1946 2091 2025 
3 1946 2025 1969 
3 2041 2092 2093 
3 2041 2093 2042 
3 2092 1963 1966 
3 2092 1966 2093 
3 2093 1966 1971 
3 2093 1971 2030 
3 2042 2093 2030 
3 2042 2030 2029 
3 2094 2077 2074 
3 2094 2074 2095 
3 1945 2090 2091 
3 1945 2091 1946 
3 2095 2074 2011 
3 2095 2011 2052 
3 2096 2095 2052 
3 2096 2052 2050 
3 2002 2097 2098 
3 2002 2098 2049 
3 2097 1051 1050 
3 2097 1050 2098 
3 2098 1050 1049 
3 2098 1049 2099 
3 2049 2098 2099 
3 2049 2099 2046 
3 1930 2065 2060 
3 1930 2060 1931 
3 1980 1979 2043 
3 1980 2043 2082 
3 1931 2060 2035 
3 1931 2035 2038 
3 1932 1931 2038 
3 1932 2038 2040 
3 2100 923 922 
3 2100 922 2101 
3 2102 2094 2095 
3 2102 2095 2096 
3 2101 922 2007 
3 2101 2007 2006 
3 2063 2101 2006 
3 2063 2006 2001 
3 2103 2102 2096 
3 2103 2096 2104 
3 2062 2100 2101 
3 2062 2101 2063 
3 2104 2096 2050 
3 2104 2050 2047 
3 2084 2104 2047 
3 2084 2047 2046 
3 1934 1933 2020 
3 1934 2020 2019 
3 1943 1934 2019 
3 1943 2019 2013 
3 1919 2105 2106 
3 1919 2106 1920 
3 2105 2107 2108 
3 2105 2108 2106 
3 2106 2108 1927 
3 2106 1927 1924 
3 1920 2106 1924 
3 1920 1924 1921 
3 1985 1988 2109 
3 1985 2109 2080 
3 1988 1990 2110 
3 1988 2110 2109 
3 1975 1972 2111 
3 1975 2111 2112 
3 1972 1957 1960 
3 1972 1960 2111 
3 2111 1960 1949 
3 2111 1949 2113 
3 2112 2111 2113 
3 2112 2113 2114 
3 1905 1915 2115 
3 1905 2115 2116 
3 1915 1914 2117 
3 1915 2117 2115 
3 2118 2119 2120 
3 2118 2120 2121 
3 2119 1983 2122 
3 2119 2122 2120 
3 1914 2123 2124 
3 1914 2124 2117 
3 2123 1084 1083 
3 2123 1083 2124 
3 2085 2103 2104 
3 2085 2104 2084 
3 1081 921 920 
3 1081 920 1082 
3 1990 1992 2125 
3 1990 2125 2110 
3 1992 1923 2126 
3 1992 2126 2125 
3 1983 2119 2127 
3 1983 2127 1984 
3 2119 2118 2128 
3 2119 2128 2127 
3 2127 2128 2107 
3 2127 2107 2105 
3 1984 2127 2105 
3 1984 2105 1919 
3 1941 1956 2129 
3 1941 2129 1942 
3 1956 1955 2130 
3 1956 2130 2129 
3 1953 1962 2131 
3 1953 2131 2132 
3 1962 1961 2133 
3 1962 2133 2131 
3 1961 1958 2134 
3 1961 2134 2133 
3 1958 1957 1974 
3 1958 1974 2134 
3 2046 2099 2075 
3 2046 2075 2084 
3 2099 1049 1023 
3 2099 1023 2075 
3 1923 1922 2135 
3 1923 2135 2126 
3 1922 1921 1926 
3 1922 1926 2135 
3 1955 1954 2136 
3 1955 2136 2130 
3 1954 1953 2132 
3 1954 2132 2136 
3 1907 1906 2137 
3 1907 2137 2138 
3 1906 1905 2116 
3 1906 2116 2137 
3 1983 1981 2139 
3 1983 2139 2122 
3 1981 1907 2138 
3 1981 2138 2139 
3 2107 2140 2141 
3 2107 2141 2108 
3 2140 2114 2142 
3 2140 2142 2141 
3 2141 2142 1937 
3 2141 1937 2143 
3 2108 2141 2143 
3 2108 2143 1927 
3 2118 2144 2145 
3 2118 2145 2128 
3 2144 1975 2112 
3 2144 2112 2145 
3 2145 2112 2114 
3 2145 2114 2140 
3 2128 2145 2140 
3 2128 2140 2107 
3 1963 2146 2147 
3 1963 2147 1964 
3 2146 2022 2021 
3 2146 2021 2147 
3 2147 2021 2020 
3 2147 2020 2148 
3 1964 2147 2148 
3 1964 2148 1967 
3 2041 2149 2150 
3 2041 2150 2092 
3 2149 2040 2039 
3 2149 2039 2150 
3 2150 2039 2022 
3 2150 2022 2146 
3 2092 2150 2146 
3 2092 2146 1963 
3 2151 2152 2016 
3 2151 2016 2153 
3 1932 2058 2059 
3 1932 2059 1929 
3 2154 1976 1975 
3 2154 1975 2144 
3 2121 2154 2144 
3 2121 2144 2118 
3 1948 1947 2016 
3 1948 2016 2152 
3 1936 2151 2153 
3 1936 2153 1933 
3 2153 2016 1967 
3 2153 1967 2148 
3 1933 2153 2148 
3 1933 2148 2020 
3 2040 2149 2058 
3 2040 2058 1932 
3 2149 2041 1978 
3 2149 1978 2058 
3 1927 2143 2155 
3 1927 2155 1928 
3 2143 1937 1940 
3 2143 1940 2155 
3 2114 2113 2156 
3 2114 2156 2142 
3 2113 1949 1952 
3 2113 1952 2156 
3 2156 1952 1941 
3 2156 1941 1938 
3 2142 2156 1938 
3 2142 1938 1937 
3 1910 2157 2158 
3 1910 2158 1911 
3 2157 1120 1119 
3 2157 1119 2158 
3 2158 1119 1084 
3 2158 1084 2123 
3 1911 2158 2123 
3 1911 2123 1914 
3 921 1081 1122 
3 921 1122 2159 
3 922 921 2159 
3 922 2159 2007 
3 1985 2079 2160 
3 1985 2160 1986 
3 2079 1027 1124 
3 2079 1124 2160 
3 2160 1124 1120 
3 2160 1120 2157 
3 1986 2160 2157 
3 1986 2157 1910 
3 2007 2159 2161 
3 2007 2161 2005 
3 2159 1122 1126 
3 2159 1126 2161 
3 2161 1126 1051 
3 2161 1051 2097 
3 2005 2161 2097 
3 2005 2097 2002 
3 2162 2163 2164 
3 2162 2164 2165 
3 2166 2162 2165 
3 2166 2165 2167 
3 2168 2169 2170 
3 2168 2170 2171 
3 2173 2168 2171 
3 2173 2171 2174 
3 2175 2173 2174 
3 2175 2174 2176 
3 2177 2175 2176 
3 2177 2176 2178 
3 2179 2177 2178 
3 2179 2178 2180 
3 2163 2179 2180 
3 2163 2180 2164 
3 2164 2180 2181 
3 2164 2181 2182 
3 2165 2164 2182 
3 2165 2182 2183 
3 2167 2165 2183 
3 2167 2183 2184 
3 2171 2170 2185 
3 2171 2185 2186 
3 2174 2171 2186 
3 2174 2186 2187 
3 2176 2174 2187 
3 2176 2187 2188 
3 2178 2176 2188 
3 2178 2188 2189 
3 2180 2178 2189 
3 2180 2189 2181 
3 2188 2187 2190 
3 2188 2190 2191 
3 2189 2188 2191 
3 2189 2191 2192 
3 2181 2189 2192 
3 2181 2192 2193 
3 2182 2181 2193 
3 2182 2193 2194 
3 2183 2182 2194 
3 2183 2194 2195 
3 2184 2183 2195 
3 2184 2195 2196 
3 2186 2185 2197 
3 2186 2197 2198 
3 2187 2186 2198 
3 2187 2198 2190 
3 2195 2194 2199 
3 2195 2199 2200 
3 2196 2195 2200 
3 2196 2200 2201 
3 2198 2197 2202 
3 2198 2202 2203 
3 2190 2198 2203 
3 2190 2203 2204 
3 2191 2190 2204 
3 2191 2204 2205 
3 2192 2191 2205 
3 2192 2205 2206 
3 2193 2192 2206 
3 2193 2206 2207 
3 2194 2193 2207 
3 2194 2207 2199 
3 2208 2209 2210 
3 2208 2210 2211 
3 2212 2208 2211 
3 2212 2211 2213 
3 2214 2212 2213 
3 2214 2213 2215 
3 2216 2214 2215 
3 2216 2215 2217 
3 2218 2216 2217 
3 2218 2217 2219 
3 2220 2218 2219 
3 2220 2219 2221 
3 2222 2223 2224 
3 2222 2224 2225 
3 2209 2222 2225 
3 2209 2225 2210 
3 2219 2217 2227 
3 2219 2227 2228 
3 2221 2219 2228 
3 2221 2228 2229 
3 2225 2224 2230 
3 2225 2230 2231 
3 2210 2225 2231 
3 2210 2231 2232 
3 2211 2210 2232 
3 2211 2232 2233 
3 2213 2211 2233 
3 2213 2233 2234 
3 2215 2213 2234 
3 2215 2234 2235 
3 2217 2215 2235 
3 2217 2235 2227 
3 2234 2233 2236 
3 2234 2236 2237 
3 2235 2234 2237 
3 2235 2237 2238 
3 2227 2235 2238 
3 2227 2238 2239 
3 2228 2227 2239 
3 2228 2239 2240 
3 2229 2228 2240 
3 2229 2240 2241 
3 2231 2230 2242 
3 2231 2242 2243 
3 2232 2231 2243 
3 2232 2243 2244 
3 2233 2232 2244 
3 2233 2244 2236 
3 2241 2240 2245 
3 2241 2245 2246 
3 2243 2242 2247 
3 2243 2247 2248 
3 2244 2243 2248 
3 2244 2248 2249 
3 2236 2244 2249 
3 2236 2249 2250 
3 2237 2236 2250 
3 2237 2250 2251 
3 2238 2237 2251 
3 2238 2251 2252 
3 2239 2238 2252 
3 2239 2252 2253 
3 2240 2239 2253 
3 2240 2253 2245 
3 2162 2254 2255 
3 2162 2255 2163 
3 2166 2256 2254 
3 2166 2254 2162 
3 2168 2257 2258 
3 2168 2258 2169 
3 2173 2259 2257 
3 2173 2257 2168 
3 2175 2260 2259 
3 2175 2259 2173 
3 2177 2261 2260 
3 2177 2260 2175 
3 2179 2262 2261 
3 2179 2261 2177 
3 2163 2255 2262 
3 2163 2262 2179 
3 2255 2263 2264 
3 2255 2264 2262 
3 2254 2265 2263 
3 2254 2263 2255 
3 2256 2266 2265 
3 2256 2265 2254 
3 2257 2267 2268 
3 2257 2268 2258 
3 2259 2269 2267 
3 2259 2267 2257 
3 2260 2270 2269 
3 2260 2269 2259 
3 2261 2271 2270 
3 2261 2270 2260 
3 2262 2264 2271 
3 2262 2271 2261 
3 2270 2272 2273 
3 2270 2273 2269 
3 2271 2274 2272 
3 2271 2272 2270 
3 2264 2275 2274 
3 2264 2274 2271 
3 2263 2276 2275 
3 2263 2275 2264 
3 2265 2277 2276 
3 2265 2276 2263 
3 2266 2278 2277 
3 2266 2277 2265 
3 2267 2279 2280 
3 2267 2280 2268 
3 2269 2273 2279 
3 2269 2279 2267 
3 2277 2281 2282 
3 2277 2282 2276 
3 2278 2283 2281 
3 2278 2281 2277 
3 2279 2284 2285 
3 2279 2285 2280 
3 2273 2286 2284 
3 2273 2284 2279 
3 2272 2287 2286 
3 2272 2286 2273 
3 2274 2288 2287 
3 2274 2287 2272 
3 2275 2289 2288 
3 2275 2288 2274 
3 2276 2282 2289 
3 2276 2289 2275 
3 2290 2291 2292 
3 2290 2292 2293 
3 2294 2295 2291 
3 2294 2291 2290 
3 2296 2297 2295 
3 2296 2295 2294 
3 2298 2299 2297 
3 2298 2297 2296 
3 2300 2301 2299 
3 2300 2299 2298 
3 2302 2303 2301 
3 2302 2301 2300 
3 2304 2305 2306 
3 2304 2306 2307 
3 2293 2292 2305 
3 2293 2305 2304 
3 2301 2308 2309 
3 2301 2309 2299 
3 2303 2310 2308 
3 2303 2308 2301 
3 2305 2311 2312 
3 2305 2312 2306 
3 2292 2313 2311 
3 2292 2311 2305 
3 2291 2314 2313 
3 2291 2313 2292 
3 2295 2315 2314 
3 2295 2314 2291 
3 2297 2316 2315 
3 2297 2315 2295 
3 2299 2309 2316 
3 2299 2316 2297 
3 2315 2317 2318 
3 2315 2318 2314 
3 2316 2319 2317 
3 2316 2317 2315 
3 2309 2320 2319 
3 2309 2319 2316 
3 2308 2321 2320 
3 2308 2320 2309 
3 2310 2322 2321 
3 2310 2321 2308 
3 2311 2323 2324 
3 2311 2324 2312 
3 2313 2325 2323 
3 2313 2323 2311 
3 2314 2318 2325 
3 2314 2325 2313 
3 2322 2246 2245 
3 2322 2245 2321 
3 2323 2248 2247 
3 2323 2247 2324 
3 2325 2249 2248 
3 2325 2248 2323 
3 2318 2250 2249 
3 2318 2249 2325 
3 2317 2251 2250 
3 2317 2250 2318 
3 2319 2252 2251 
3 2319 2251 2317 
3 2320 2253 2252 
3 2320 2252 2319 
3 2321 2245 2253 
3 2321 2253 2320 
3 300 297 296 
3 300 296 385 
3 830 637 616 
3 830 616 615 
3 1055 1054 1080 
3 1055 1080 1079 
3 2326 2327 665 
3 2326 665 664 
3 2328 2329 811 
3 2328 811 810 
3 2330 2331 658 
3 2330 658 657 
3 2331 2332 678 
3 2331 678 658 
3 2333 2334 822 
3 2333 822 814 
3 2335 2336 657 
3 2335 657 2337 
3 2338 2339 817 
3 2338 817 816 
3 2340 2341 835 
3 2340 835 817 
3 2342 2343 837 
3 2342 837 836 
3 2344 2345 681 
3 2344 681 680 
3 2346 2347 813 
3 2346 813 811 
3 2347 2348 814 
3 2347 814 813 
3 2349 2350 1884 
3 2349 1884 1883 
3 2351 2352 1703 
3 2351 1703 1876 
3 2353 2354 1879 
3 2353 1879 1878 
3 2355 2356 1713 
3 2355 1713 1751 
3 2357 2358 1714 
3 2357 1714 1713 
3 2358 2359 1756 
3 2358 1756 1714 
3 2360 2361 1704 
3 2360 1704 1703 
3 2362 2363 1762 
3 2362 1762 1761 
3 2364 2365 1894 
3 2364 1894 1762 
3 2366 2367 1882 
3 2366 1882 1881 
3 2368 2369 1887 
3 2368 1887 1756 
3 2370 2371 1896 
3 2370 1896 1895 
3 642 652 2337 
3 642 2337 657 
